1,1,2.0,[0.0, 0.0, 0.0, 0.0, 0.0, 0.0],[0, 0, 0, 0, 0, 0],[0, 0, 0, 0, 0, 0]
1,2,3.0,[630.0, 358.0, 312.0, 488.0, 290.0, 428.0],[7897, 6793, 7387, 7642, 7897, 7727],[420, 1554, 1107, 784, 570, 780]
1,3,4.0,[813.0, 482.0, 515.0, 665.0, 290.0, 515.0],[15794, 13586, 14775, 15285, 15794, 15455],[2961, 7821, 4992, 3703, 570, 3951]
1,4,5.0,[830.0, 478.0, 520.0, 698.0, 290.0, 536.0],[23692, 20380, 22163, 22928, 23692, 23182],[3206, 8119, 5111, 3934, 570, 4182]
1,5,6.0,[1175.0, 478.0, 528.0, 1028.0, 290.0, 553.0],[31589, 27173, 29551, 30570, 31589, 30910],[5588, 8119, 5160, 6876, 570, 4231]
1,6,7.0,[1175.0, 478.0, 1140.0, 1194.0, 290.0, 1243.0],[39487, 33967, 36939, 38213, 39487, 38638],[5588, 8119, 8079, 9543, 570, 7234]
1,7,8.0,[1175.0, 478.0, 1219.0, 1247.0, 290.0, 1243.0],[47384, 40760, 44327, 45856, 47384, 46365],[5588, 8119, 8695, 10215, 570, 7234]
1,8,9.0,[1175.0, 478.0, 1181.0, 1270.0, 290.0, 1243.0],[55282, 47554, 51715, 53498, 55282, 54093],[5588, 8119, 9462, 10390, 570, 7234]
1,9,10.0,[1175.0, 478.0, 961.0, 1270.0, 290.0, 1243.0],[63179, 54347, 59103, 61141, 63179, 61820],[5588, 8119, 13101, 10390, 570, 7234]
1,10,11.0,[1175.0, 478.0, 961.0, 1270.0, 290.0, 1243.0],[71077, 61141, 66491, 68784, 71077, 69548],[5588, 8119, 13101, 10390, 570, 7234]
1,11,12.0,[1175.0, 478.0, 961.0, 1270.0, 290.0, 1243.0],[78974, 67934, 73879, 76426, 78974, 77276],[5588, 8119, 13101, 10390, 570, 7234]
1,12,13.0,[1175.0, 478.0, 961.0, 1270.0, 290.0, 1243.0],[86872, 74728, 81267, 84069, 86872, 85003],[5588, 8119, 13101, 10390, 570, 7234]
1,13,14.0,[1175.0, 478.0, 961.0, 1270.0, 290.0, 1243.0],[94769, 81521, 88655, 91712, 94769, 92731],[5588, 8119, 13101, 10390, 570, 7234]
1,14,15.0,[1175.0, 478.0, 961.0, 1270.0, 290.0, 1243.0],[102666, 88315, 96043, 99354, 102666, 100459],[5588, 8119, 13101, 10390, 570, 7234]
1,15,16.0,[1175.0, 478.0, 961.0, 1270.0, 290.0, 1243.0],[110564, 95108, 103430, 106997, 110564, 108186],[5588, 8119, 13101, 10390, 570, 7234]
1,16,17.0,[1175.0, 478.0, 961.0, 1270.0, 290.0, 1243.0],[118461, 101902, 110818, 114640, 118461, 115914],[5588, 8119, 13101, 10390, 570, 7234]
1,17,18.0,[1175.0, 478.0, 961.0, 1270.0, 290.0, 1243.0],[126359, 108695, 118206, 122283, 126359, 123641],[5588, 8119, 13101, 10390, 570, 7234]
1,18,19.0,[1175.0, 478.0, 961.0, 1270.0, 290.0, 1243.0],[134256, 115489, 125594, 129925, 134256, 131369],[5588, 8119, 13101, 10390, 570, 7234]
1,19,20.0,[1175.0, 478.0, 961.0, 1270.0, 290.0, 1243.0],[142154, 122282, 132982, 137568, 142154, 139097],[5588, 8119, 13101, 10390, 570, 7234]
1,20,21.0,[1175.0, 478.0, 961.0, 1270.0, 290.0, 1243.0],[142154, 122282, 132982, 137568, 142154, 139097],[5588, 8119, 13101, 10390, 570, 7234]
2,21,2.0,[0.0, 0.0, 0.0, 0.0, 0.0, 0.0],[0, 0, 0, 0, 0, 0],[0, 0, 0, 0, 0, 0]
2,22,3.0,[300.0, 352.0, 484.0, 267.0, 510.0, 516.0],[7048, 8322, 6963, 8237, 8067, 7727],[750, 1146, 810, 930, 1000, 570]
2,23,4.0,[300.0, 696.0, 484.0, 417.0, 737.0, 910.0],[14096, 16644, 13926, 16474, 16134, 15455],[750, 3246, 810, 1585, 3541, 2480]
2,24,5.0,[300.0, 911.0, 484.0, 417.0, 950.0, 910.0],[21144, 24966, 20890, 24711, 24201, 23182],[750, 5654, 810, 1585, 5977, 2480]
2,25,6.0,[300.0, 911.0, 484.0, 417.0, 950.0, 910.0],[28193, 33288, 27853, 32948, 32269, 30910],[750, 5654, 810, 1585, 5977, 2480]
2,26,7.0,[300.0, 406.0, 484.0, 417.0, 950.0, 910.0],[35241, 41610, 34816, 41185, 40336, 38638],[750, 13380, 810, 1585, 5977, 2480]
2,27,8.0,[300.0, 406.0, 484.0, 417.0, 950.0, 910.0],[42289, 49932, 41780, 49422, 48403, 46365],[750, 13380, 810, 1585, 5977, 2480]
2,28,9.0,[300.0, 406.0, 484.0, 417.0, 950.0, 910.0],[49337, 58254, 48743, 57659, 56471, 54093],[750, 13380, 810, 1585, 5977, 2480]
2,29,10.0,[300.0, 406.0, 484.0, 417.0, 950.0, 910.0],[56386, 66576, 55706, 65896, 64538, 61820],[750, 13380, 810, 1585, 5977, 2480]
2,30,11.0,[300.0, 406.0, 484.0, 417.0, 950.0, 910.0],[63434, 74898, 62670, 74133, 72605, 69548],[750, 13380, 810, 1585, 5977, 2480]
2,31,12.0,[300.0, 406.0, 484.0, 417.0, 950.0, 910.0],[70482, 83220, 69633, 82370, 80673, 77276],[750, 13380, 810, 1585, 5977, 2480]
2,32,13.0,[300.0, 406.0, 484.0, 417.0, 950.0, 910.0],[77530, 91542, 76596, 90608, 88740, 85003],[750, 13380, 810, 1585, 5977, 2480]
2,33,14.0,[300.0, 406.0, 484.0, 417.0, 950.0, 910.0],[84579, 99864, 83560, 98845, 96807, 92731],[750, 13380, 810, 1585, 5977, 2480]
2,34,15.0,[300.0, 406.0, 484.0, 417.0, 950.0, 910.0],[91627, 108186, 90523, 107082, 104875, 100459],[750, 13380, 810, 1585, 5977, 2480]
2,35,16.0,[300.0, 406.0, 484.0, 417.0, 950.0, 910.0],[98675, 116508, 97486, 115319, 112942, 108186],[750, 13380, 810, 1585, 5977, 2480]
2,36,17.0,[300.0, 406.0, 484.0, 417.0, 950.0, 910.0],[105723, 124830, 104450, 123556, 121009, 115914],[750, 13380, 810, 1585, 5977, 2480]
2,37,18.0,[300.0, 406.0, 484.0, 417.0, 950.0, 910.0],[112772, 133152, 111413, 131793, 129077, 123641],[750, 13380, 810, 1585, 5977, 2480]
2,38,19.0,[300.0, 406.0, 484.0, 417.0, 950.0, 910.0],[119820, 141474, 118376, 140030, 137144, 131369],[750, 13380, 810, 1585, 5977, 2480]
2,39,20.0,[300.0, 406.0, 484.0, 417.0, 950.0, 910.0],[126868, 149796, 125340, 148267, 145211, 139097],[750, 13380, 810, 1585, 5977, 2480]
2,40,21.0,[300.0, 406.0, 484.0, 417.0, 950.0, 910.0],[126868, 149796, 125340, 148267, 145211, 139097],[750, 13380, 810, 1585, 5977, 2480]
3,41,2.0,[0.0, 0.0, 0.0, 0.0, 0.0, 0.0],[0, 0, 0, 0, 0, 0],[0, 0, 0, 0, 0, 0]
3,42,3.0,[382.0, 389.0, 440.0, 406.0, 349.0, 289.0],[8322, 7897, 6963, 7133, 6963, 7218],[1530, 510, 1080, 360, 300, 1372]
3,43,4.0,[382.0, 500.0, 557.0, 618.0, 450.0, 435.0],[16644, 15794, 13926, 14266, 13926, 14436],[1530, 776, 1339, 619, 388, 1666]
3,44,5.0,[382.0, 500.0, 557.0, 278.0, 450.0, 435.0],[24966, 23692, 20890, 21399, 20890, 21654],[1530, 776, 1339, 13431, 388, 1666]
3,45,6.0,[382.0, 317.0, 147.0, 278.0, 1152.0, 435.0],[33288, 31589, 27853, 28532, 27853, 28872],[1530, 2288, 6027, 13431, 1832, 1666]
3,46,7.0,[382.0, 378.0, 176.0, 278.0, 888.0, 435.0],[41610, 39487, 34816, 35665, 34816, 36090],[1530, 4304, 7410, 13431, 3344, 1666]
3,47,8.0,[382.0, 378.0, 186.0, 278.0, 780.0, 435.0],[49932, 47384, 41780, 42799, 41780, 43308],[1530, 4304, 8536, 13431, 5711, 1666]
3,48,9.0,[382.0, 378.0, 186.0, 278.0, 780.0, 435.0],[58254, 55282, 48743, 49932, 48743, 50526],[1530, 4304, 8536, 13431, 5711, 1666]
3,49,10.0,[382.0, 378.0, 216.0, 278.0, 780.0, 435.0],[66576, 63179, 55706, 57065, 55706, 57744],[1530, 4304, 10627, 13431, 5711, 1666]
3,50,11.0,[382.0, 378.0, 216.0, 278.0, 780.0, 435.0],[74898, 71077, 62670, 64198, 62670, 64962],[1530, 4304, 10627, 13431, 5711, 1666]
3,51,12.0,[382.0, 378.0, 216.0, 278.0, 780.0, 435.0],[83220, 78974, 69633, 71331, 69633, 72180],[1530, 4304, 10627, 13431, 5711, 1666]
3,52,13.0,[382.0, 378.0, 216.0, 278.0, 780.0, 435.0],[91542, 86872, 76596, 78464, 76596, 79398],[1530, 4304, 10627, 13431, 5711, 1666]
3,53,14.0,[382.0, 378.0, 216.0, 278.0, 780.0, 435.0],[99864, 94769, 83560, 85598, 83560, 86616],[1530, 4304, 10627, 13431, 5711, 1666]
3,54,15.0,[382.0, 378.0, 216.0, 278.0, 780.0, 435.0],[108186, 102666, 90523, 92731, 90523, 93835],[1530, 4304, 10627, 13431, 5711, 1666]
3,55,16.0,[382.0, 378.0, 216.0, 278.0, 780.0, 435.0],[116508, 110564, 97486, 99864, 97486, 101053],[1530, 4304, 10627, 13431, 5711, 1666]
3,56,17.0,[382.0, 378.0, 216.0, 278.0, 780.0, 435.0],[124830, 118461, 104450, 106997, 104450, 108271],[1530, 4304, 10627, 13431, 5711, 1666]
3,57,18.0,[382.0, 378.0, 216.0, 278.0, 780.0, 435.0],[133152, 126359, 111413, 114130, 111413, 115489],[1530, 4304, 10627, 13431, 5711, 1666]
3,58,19.0,[382.0, 378.0, 216.0, 278.0, 780.0, 435.0],[141474, 134256, 118376, 121263, 118376, 122707],[1530, 4304, 10627, 13431, 5711, 1666]
3,59,20.0,[382.0, 378.0, 216.0, 278.0, 780.0, 435.0],[149796, 142154, 125340, 128397, 125340, 129925],[1530, 4304, 10627, 13431, 5711, 1666]
3,60,21.0,[382.0, 378.0, 216.0, 278.0, 780.0, 435.0],[149796, 142154, 125340, 128397, 125340, 129925],[1530, 4304, 10627, 13431, 5711, 1666]
4,61,2.0,[0.0, 0.0, 0.0, 0.0, 0.0, 0.0],[0, 0, 0, 0, 0, 0],[0, 0, 0, 0, 0, 0]
4,62,3.0,[337.0, 355.0, 308.0, 383.0, 359.0, 234.0],[7303, 7048, 7133, 7982, 8406, 7133],[874, 780, 873, 840, 1410, 390]
4,63,4.0,[337.0, 461.0, 201.0, 227.0, 225.0, 234.0],[14606, 14096, 14266, 15964, 16813, 14266],[874, 3182, 5057, 2088, 11247, 390]
4,64,5.0,[337.0, 418.0, 274.0, 281.0, 235.0, 234.0],[21909, 21144, 21399, 23947, 25220, 21399],[874, 5067, 7157, 3684, 14649, 390]
4,65,6.0,[337.0, 418.0, 176.0, 281.0, 168.0, 234.0],[29212, 28193, 28532, 31929, 33627, 28532],[874, 5067, 11336, 3684, 23398, 390]
4,66,7.0,[337.0, 418.0, 178.0, 281.0, 168.0, 234.0],[36515, 35241, 35665, 39911, 42034, 35665],[874, 5067, 11764, 3684, 23398, 390]
4,67,8.0,[485.0, 191.0, 178.0, 281.0, 168.0, 234.0],[43818, 42289, 42799, 47894, 50441, 42799],[904, 11109, 11764, 3684, 23398, 390]
4,68,9.0,[485.0, 191.0, 178.0, 281.0, 168.0, 234.0],[51121, 49337, 49932, 55876, 58848, 49932],[904, 11109, 11764, 3684, 23398, 390]
4,69,10.0,[485.0, 191.0, 178.0, 281.0, 168.0, 234.0],[58424, 56386, 57065, 63858, 67255, 57065],[904, 11109, 11764, 3684, 23398, 390]
4,70,11.0,[485.0, 191.0, 178.0, 281.0, 168.0, 234.0],[65727, 63434, 64198, 71841, 75662, 64198],[904, 11109, 11764, 3684, 23398, 390]
4,71,12.0,[485.0, 191.0, 178.0, 281.0, 168.0, 234.0],[73030, 70482, 71331, 79823, 84069, 71331],[904, 11109, 11764, 3684, 23398, 390]
4,72,13.0,[485.0, 191.0, 178.0, 281.0, 168.0, 234.0],[80333, 77530, 78464, 87806, 92476, 78464],[904, 11109, 11764, 3684, 23398, 390]
4,73,14.0,[485.0, 191.0, 178.0, 281.0, 168.0, 234.0],[87636, 84579, 85598, 95788, 100883, 85598],[904, 11109, 11764, 3684, 23398, 390]
4,74,15.0,[485.0, 191.0, 178.0, 281.0, 168.0, 234.0],[94939, 91627, 92731, 103770, 109290, 92731],[904, 11109, 11764, 3684, 23398, 390]
4,75,16.0,[485.0, 191.0, 178.0, 281.0, 168.0, 234.0],[102242, 98675, 99864, 111753, 117697, 99864],[904, 11109, 11764, 3684, 23398, 390]
4,76,17.0,[485.0, 191.0, 178.0, 281.0, 168.0, 234.0],[109545, 105723, 106997, 119735, 126104, 106997],[904, 11109, 11764, 3684, 23398, 390]
4,77,18.0,[485.0, 191.0, 178.0, 281.0, 168.0, 234.0],[116848, 112772, 114130, 127717, 134511, 114130],[904, 11109, 11764, 3684, 23398, 390]
4,78,19.0,[485.0, 191.0, 178.0, 281.0, 168.0, 234.0],[124151, 119820, 121263, 135700, 142918, 121263],[904, 11109, 11764, 3684, 23398, 390]
4,79,20.0,[485.0, 191.0, 178.0, 281.0, 168.0, 234.0],[131454, 126868, 128397, 143682, 151325, 128397],[904, 11109, 11764, 3684, 23398, 390]
4,80,21.0,[485.0, 191.0, 178.0, 281.0, 168.0, 234.0],[131454, 126868, 128397, 143682, 151325, 128397],[904, 11109, 11764, 3684, 23398, 390]
5,81,2.0,[0.0, 0.0, 0.0, 0.0, 0.0, 0.0],[0, 0, 0, 0, 0, 0],[0, 0, 0, 0, 0, 0]
5,82,3.0,[-2147483648.0, 337.0, 310.0, 415.0, 403.0, 323.0],[6878, 7727, 6793, 8152, 7557, 7133],[0, 876, 964, 1488, 1140, 750]
5,83,4.0,[-2147483648.0, 337.0, 415.0, 415.0, 493.0, 562.0],[13756, 15455, 13586, 16304, 15115, 14266],[0, 876, 4891, 1488, 4353, 4047]
5,84,5.0,[-2147483648.0, 337.0, 438.0, 415.0, 592.0, 562.0],[20635, 23182, 20380, 24456, 22673, 21399],[0, 876, 8034, 1488, 7328, 4047]
5,85,6.0,[-2147483648.0, 337.0, 309.0, 415.0, 592.0, 562.0],[27513, 30910, 27173, 32608, 30231, 28532],[0, 876, 17775, 1488, 7328, 4047]
5,86,7.0,[-2147483648.0, 337.0, 309.0, 415.0, 592.0, 562.0],[34392, 38638, 33967, 40761, 37788, 35665],[0, 876, 17775, 1488, 7328, 4047]
5,87,8.0,[-2147483648.0, 337.0, 309.0, 415.0, 592.0, 562.0],[41270, 46365, 40760, 48913, 45346, 42799],[0, 876, 17775, 1488, 7328, 4047]
5,88,9.0,[-2147483648.0, 337.0, 309.0, 371.0, 592.0, 562.0],[48149, 54093, 47554, 57065, 52904, 49932],[0, 876, 17775, 3175, 7328, 4047]
5,89,10.0,[-2147483648.0, 337.0, 309.0, 371.0, 592.0, 562.0],[55027, 61820, 54347, 65217, 60462, 57065],[0, 876, 17775, 3175, 7328, 4047]
5,90,11.0,[-2147483648.0, 337.0, 309.0, 371.0, 592.0, 562.0],[61905, 69548, 61141, 73369, 68020, 64198],[0, 876, 17775, 3175, 7328, 4047]
5,91,12.0,[-2147483648.0, 337.0, 309.0, 371.0, 592.0, 562.0],[68784, 77276, 67934, 81522, 75577, 71331],[0, 876, 17775, 3175, 7328, 4047]
5,92,13.0,[-2147483648.0, 337.0, 309.0, 371.0, 592.0, 562.0],[75662, 85003, 74728, 89674, 83135, 78464],[0, 876, 17775, 3175, 7328, 4047]
5,93,14.0,[-2147483648.0, 337.0, 309.0, 371.0, 592.0, 562.0],[82541, 92731, 81521, 97826, 90693, 85598],[0, 876, 17775, 3175, 7328, 4047]
5,94,15.0,[-2147483648.0, 337.0, 309.0, 371.0, 592.0, 562.0],[89419, 100459, 88315, 105978, 98251, 92731],[0, 876, 17775, 3175, 7328, 4047]
5,95,16.0,[-2147483648.0, 337.0, 309.0, 371.0, 592.0, 562.0],[96298, 108186, 95108, 114131, 105808, 99864],[0, 876, 17775, 3175, 7328, 4047]
5,96,17.0,[-2147483648.0, 337.0, 309.0, 371.0, 592.0, 562.0],[103176, 115914, 101902, 122283, 113366, 106997],[0, 876, 17775, 3175, 7328, 4047]
5,97,18.0,[-2147483648.0, 337.0, 309.0, 371.0, 592.0, 562.0],[110054, 123641, 108695, 130435, 120924, 114130],[0, 876, 17775, 3175, 7328, 4047]
5,98,19.0,[-2147483648.0, 337.0, 309.0, 371.0, 592.0, 562.0],[116933, 131369, 115489, 138587, 128482, 121263],[0, 876, 17775, 3175, 7328, 4047]
5,99,20.0,[-2147483648.0, 337.0, 309.0, 371.0, 592.0, 562.0],[123811, 139097, 122282, 146739, 136040, 128397],[0, 876, 17775, 3175, 7328, 4047]
5,100,21.0,[-2147483648.0, 337.0, 309.0, 371.0, 592.0, 562.0],[123811, 139097, 122282, 146739, 136040, 128397],[0, 876, 17775, 3175, 7328, 4047]
6,101,2.0,[0.0, 0.0, 0.0, 0.0, 0.0, 0.0],[0, 0, 0, 0, 0, 0],[0, 0, 0, 0, 0, 0]
6,102,3.0,[427.0, 410.0, 377.0, 448.0, 248.0, 233.0],[7812, 7897, 8067, 7048, 7218, 8322],[840, 900, 870, 690, 922, 978]
6,103,4.0,[445.0, 413.0, 518.0, 484.0, 248.0, 233.0],[15624, 15794, 16134, 14096, 14436, 16644],[894, 1059, 1035, 795, 922, 978]
6,104,5.0,[1128.0, 728.0, 1329.0, 493.0, 248.0, 233.0],[23437, 23692, 24201, 21144, 21654, 24966],[2568, 2596, 2661, 804, 922, 978]
6,105,6.0,[1525.0, 728.0, 1139.0, 1882.0, 248.0, 233.0],[31249, 31589, 32269, 28193, 28872, 33288],[6198, 2596, 8562, 5141, 922, 978]
6,106,7.0,[1318.0, 728.0, 1039.0, 1622.0, 248.0, 233.0],[39062, 39487, 40336, 35241, 36090, 41610],[8613, 2596, 12552, 8270, 922, 978]
6,107,8.0,[1316.0, 728.0, 1022.0, 1622.0, 248.0, 233.0],[46874, 47384, 48403, 42289, 43308, 49932],[8670, 2596, 12926, 8385, 922, 978]
6,108,9.0,[1316.0, 728.0, 984.0, 1622.0, 248.0, 233.0],[54687, 55282, 56471, 49337, 50526, 58254],[8670, 2596, 14012, 8385, 922, 978]
6,109,10.0,[1316.0, 728.0, 897.0, 1622.0, 248.0, 233.0],[62499, 63179, 64538, 56386, 57744, 66576],[8670, 2596, 20579, 8385, 922, 978]
6,110,11.0,[1316.0, 728.0, 868.0, 1622.0, 248.0, 233.0],[70312, 71077, 72605, 63434, 64962, 74898],[8670, 2596, 22551, 8385, 922, 978]
6,111,12.0,[1316.0, 728.0, 868.0, 1622.0, 248.0, 233.0],[78124, 78974, 80673, 70482, 72180, 83220],[8670, 2596, 22551, 8385, 922, 978]
6,112,13.0,[1316.0, 728.0, 868.0, 1622.0, 248.0, 233.0],[85937, 86872, 88740, 77530, 79398, 91542],[8670, 2596, 22551, 8385, 922, 978]
6,113,14.0,[1316.0, 728.0, 868.0, 1622.0, 248.0, 233.0],[93749, 94769, 96807, 84579, 86616, 99864],[8670, 2596, 22551, 8385, 922, 978]
6,114,15.0,[1316.0, 728.0, 868.0, 1622.0, 248.0, 233.0],[101562, 102666, 104875, 91627, 93835, 108186],[8670, 2596, 22551, 8385, 922, 978]
6,115,16.0,[1316.0, 728.0, 868.0, 1622.0, 248.0, 233.0],[109374, 110564, 112942, 98675, 101053, 116508],[8670, 2596, 22551, 8385, 922, 978]
6,116,17.0,[1316.0, 728.0, 868.0, 1622.0, 248.0, 233.0],[117187, 118461, 121009, 105723, 108271, 124830],[8670, 2596, 22551, 8385, 922, 978]
6,117,18.0,[1316.0, 728.0, 868.0, 1622.0, 248.0, 233.0],[124999, 126359, 129077, 112772, 115489, 133152],[8670, 2596, 22551, 8385, 922, 978]
6,118,19.0,[1316.0, 728.0, 868.0, 1622.0, 248.0, 233.0],[132812, 134256, 137144, 119820, 122707, 141474],[8670, 2596, 22551, 8385, 922, 978]
6,119,20.0,[1316.0, 728.0, 868.0, 1622.0, 248.0, 233.0],[140624, 142154, 145211, 126868, 129925, 149796],[8670, 2596, 22551, 8385, 922, 978]
6,120,21.0,[1316.0, 728.0, 868.0, 1622.0, 248.0, 233.0],[140624, 142154, 145211, 126868, 129925, 149796],[8670, 2596, 22551, 8385, 922, 978]
7,121,2.0,[0.0, 0.0, 0.0, 0.0, 0.0, 0.0],[0, 0, 0, 0, 0, 0],[0, 0, 0, 0, 0, 0]
7,122,3.0,[365.0, 533.0, 316.0, 385.0, 375.0, 331.0],[7812, 8322, 7472, 7727, 7218, 7387],[690, 840, 998, 1170, 514, 997]
7,123,4.0,[383.0, 533.0, 406.0, 499.0, 337.0, 326.0],[15624, 16644, 14945, 15455, 14436, 14775],[857, 840, 1229, 1448, 658, 1170]
7,124,5.0,[383.0, 533.0, 406.0, 499.0, 337.0, 326.0],[23437, 24966, 22418, 23182, 21654, 22163],[857, 840, 1229, 1448, 658, 1170]
7,125,6.0,[366.0, 533.0, 354.0, 456.0, 337.0, 326.0],[31249, 33288, 29891, 30910, 28872, 29551],[1473, 840, 2409, 1619, 658, 1170]
7,126,7.0,[60.0, 533.0, 354.0, 81.0, 337.0, 326.0],[39062, 41610, 37364, 38638, 36090, 36939],[9078, 840, 2409, 9202, 658, 1170]
7,127,8.0,[118.0, 533.0, 354.0, 135.0, 337.0, 326.0],[46874, 49932, 44837, 46365, 43308, 44327],[11952, 840, 2409, 11826, 658, 1170]
7,128,9.0,[118.0, 533.0, 354.0, 221.0, 337.0, 326.0],[54687, 58254, 52309, 54093, 50526, 51715],[11952, 840, 2409, 15185, 658, 1170]
7,129,10.0,[118.0, 533.0, 354.0, 221.0, 337.0, 326.0],[62499, 66576, 59782, 61820, 57744, 59103],[11952, 840, 2409, 15185, 658, 1170]
7,130,11.0,[118.0, 533.0, 354.0, 221.0, 337.0, 326.0],[70312, 74898, 67255, 69548, 64962, 66491],[11952, 840, 2409, 15185, 658, 1170]
7,131,12.0,[118.0, 533.0, 354.0, 221.0, 337.0, 326.0],[78124, 83220, 74728, 77276, 72180, 73879],[11952, 840, 2409, 15185, 658, 1170]
7,132,13.0,[118.0, 533.0, 354.0, 221.0, 337.0, 326.0],[85937, 91542, 82201, 85003, 79398, 81267],[11952, 840, 2409, 15185, 658, 1170]
7,133,14.0,[118.0, 533.0, 354.0, 221.0, 337.0, 326.0],[93749, 99864, 89674, 92731, 86616, 88655],[11952, 840, 2409, 15185, 658, 1170]
7,134,15.0,[118.0, 533.0, 354.0, 221.0, 337.0, 326.0],[101562, 108186, 97146, 100459, 93835, 96043],[11952, 840, 2409, 15185, 658, 1170]
7,135,16.0,[118.0, 533.0, 354.0, 221.0, 337.0, 326.0],[109374, 116508, 104619, 108186, 101053, 103430],[11952, 840, 2409, 15185, 658, 1170]
7,136,17.0,[118.0, 533.0, 354.0, 221.0, 337.0, 326.0],[117187, 124830, 112092, 115914, 108271, 110818],[11952, 840, 2409, 15185, 658, 1170]
7,137,18.0,[118.0, 533.0, 354.0, 221.0, 337.0, 326.0],[124999, 133152, 119565, 123641, 115489, 118206],[11952, 840, 2409, 15185, 658, 1170]
7,138,19.0,[118.0, 533.0, 354.0, 221.0, 337.0, 326.0],[132812, 141474, 127038, 131369, 122707, 125594],[11952, 840, 2409, 15185, 658, 1170]
7,139,20.0,[118.0, 533.0, 354.0, 221.0, 337.0, 326.0],[140624, 149796, 134511, 139097, 129925, 132982],[11952, 840, 2409, 15185, 658, 1170]
7,140,21.0,[118.0, 533.0, 354.0, 221.0, 337.0, 326.0],[140624, 149796, 134511, 139097, 129925, 132982],[11952, 840, 2409, 15185, 658, 1170]
8,141,2.0,[0.0, 0.0, 0.0, 0.0, 0.0, 0.0],[0, 0, 0, 0, 0, 0],[0, 0, 0, 0, 0, 0]
8,142,3.0,[174.0, 477.0, 297.0, 319.0, 298.0, 370.0],[7218, 8067, 7982, 7303, 8152, 8322],[803, 570, 540, 1920, 630, 690]
8,143,4.0,[174.0, 477.0, 297.0, 319.0, 298.0, 370.0],[14436, 16134, 15964, 14606, 16304, 16644],[803, 570, 540, 1920, 630, 690]
8,144,5.0,[174.0, 374.0, 270.0, 304.0, 298.0, 350.0],[21654, 24201, 23947, 21909, 24456, 24966],[803, 986, 1129, 2716, 630, 1020]
8,145,6.0,[174.0, 618.0, 403.0, 304.0, 298.0, 377.0],[28872, 32269, 31929, 29212, 32608, 33288],[803, 1855, 1910, 2716, 630, 1948]
8,146,7.0,[174.0, 912.0, 258.0, 304.0, 298.0, 585.0],[36090, 40336, 39911, 36515, 40761, 41610],[803, 6766, 3857, 2716, 630, 6442]
8,147,8.0,[174.0, 984.0, 258.0, 304.0, 497.0, 555.0],[43308, 48403, 47894, 43818, 48913, 49932],[803, 7942, 3857, 2716, 660, 7706]
8,148,9.0,[174.0, 652.0, 258.0, 304.0, 497.0, 417.0],[50526, 56471, 55876, 51121, 57065, 58254],[803, 21656, 3857, 2716, 660, 10341]
8,149,10.0,[174.0, 652.0, 258.0, 304.0, 497.0, 417.0],[57744, 64538, 63858, 58424, 65217, 66576],[803, 21656, 3857, 2716, 660, 10341]
8,150,11.0,[174.0, 652.0, 258.0, 304.0, 497.0, 417.0],[64962, 72605, 71841, 65727, 73369, 74898],[803, 21656, 3857, 2716, 660, 10341]
8,151,12.0,[174.0, 652.0, 258.0, 304.0, 497.0, 417.0],[72180, 80673, 79823, 73030, 81522, 83220],[803, 21656, 3857, 2716, 660, 10341]
8,152,13.0,[174.0, 652.0, 258.0, 304.0, 497.0, 417.0],[79398, 88740, 87806, 80333, 89674, 91542],[803, 21656, 3857, 2716, 660, 10341]
8,153,14.0,[174.0, 652.0, 258.0, 304.0, 497.0, 417.0],[86616, 96807, 95788, 87636, 97826, 99864],[803, 21656, 3857, 2716, 660, 10341]
8,154,15.0,[174.0, 652.0, 258.0, 304.0, 497.0, 417.0],[93835, 104875, 103770, 94939, 105978, 108186],[803, 21656, 3857, 2716, 660, 10341]
8,155,16.0,[174.0, 652.0, 258.0, 304.0, 497.0, 417.0],[101053, 112942, 111753, 102242, 114131, 116508],[803, 21656, 3857, 2716, 660, 10341]
8,156,17.0,[174.0, 652.0, 258.0, 304.0, 497.0, 417.0],[108271, 121009, 119735, 109545, 122283, 124830],[803, 21656, 3857, 2716, 660, 10341]
8,157,18.0,[174.0, 652.0, 258.0, 304.0, 497.0, 417.0],[115489, 129077, 127717, 116848, 130435, 133152],[803, 21656, 3857, 2716, 660, 10341]
8,158,19.0,[174.0, 652.0, 258.0, 304.0, 497.0, 417.0],[122707, 137144, 135700, 124151, 138587, 141474],[803, 21656, 3857, 2716, 660, 10341]
8,159,20.0,[174.0, 652.0, 258.0, 304.0, 497.0, 417.0],[129925, 145211, 143682, 131454, 146739, 149796],[803, 21656, 3857, 2716, 660, 10341]
8,160,21.0,[174.0, 652.0, 258.0, 304.0, 497.0, 417.0],[129925, 145211, 143682, 131454, 146739, 149796],[803, 21656, 3857, 2716, 660, 10341]
9,161,2.0,[0.0, 0.0, 0.0, 0.0, 0.0, 0.0],[0, 0, 0, 0, 0, 0],[0, 0, 0, 0, 0, 0]
9,162,3.0,[332.0, 596.0, 378.0, 139.0, 256.0, 359.0],[7472, 7387, 6793, 7982, 6793, 8152],[840, 540, 1110, 692, 720, 1264]
9,163,4.0,[726.0, 596.0, 378.0, 139.0, 223.0, 359.0],[14945, 14775, 13586, 15964, 13586, 16304],[6447, 540, 1110, 692, 5643, 1264]
9,164,5.0,[782.0, 275.0, 256.0, 139.0, 223.0, 359.0],[22418, 22163, 20380, 23947, 20380, 24456],[7530, 2541, 2546, 692, 5643, 1264]
9,165,6.0,[914.0, 300.0, 261.0, 104.0, 223.0, 359.0],[29891, 29551, 27173, 31929, 27173, 32608],[9461, 5140, 3285, 1055, 5643, 1264]
9,166,7.0,[914.0, 185.0, 261.0, 485.0, 223.0, 359.0],[37364, 36939, 33967, 39911, 33967, 40761],[9461, 11276, 3285, 6704, 5643, 1264]
9,167,8.0,[914.0, 206.0, 261.0, 485.0, 223.0, 359.0],[44837, 44327, 40760, 47894, 40760, 48913],[9461, 12519, 3285, 6704, 5643, 1264]
9,168,9.0,[914.0, 166.0, 261.0, 485.0, 223.0, 359.0],[52309, 51715, 47554, 55876, 47554, 57065],[9461, 23507, 3285, 6704, 5643, 1264]
9,169,10.0,[914.0, 128.0, 261.0, 485.0, 223.0, 359.0],[59782, 59103, 54347, 63858, 54347, 65217],[9461, 30710, 3285, 6704, 5643, 1264]
9,170,11.0,[914.0, 128.0, 261.0, 485.0, 223.0, 359.0],[67255, 66491, 61141, 71841, 61141, 73369],[9461, 30710, 3285, 6704, 5643, 1264]
9,171,12.0,[914.0, 128.0, 261.0, 485.0, 223.0, 359.0],[74728, 73879, 67934, 79823, 67934, 81522],[9461, 30710, 3285, 6704, 5643, 1264]
9,172,13.0,[914.0, 128.0, 261.0, 485.0, 223.0, 359.0],[82201, 81267, 74728, 87806, 74728, 89674],[9461, 30710, 3285, 6704, 5643, 1264]
9,173,14.0,[914.0, 128.0, 261.0, 485.0, 223.0, 359.0],[89674, 88655, 81521, 95788, 81521, 97826],[9461, 30710, 3285, 6704, 5643, 1264]
9,174,15.0,[914.0, 128.0, 261.0, 485.0, 223.0, 359.0],[97146, 96043, 88315, 103770, 88315, 105978],[9461, 30710, 3285, 6704, 5643, 1264]
9,175,16.0,[914.0, 128.0, 261.0, 485.0, 223.0, 359.0],[104619, 103430, 95108, 111753, 95108, 114131],[9461, 30710, 3285, 6704, 5643, 1264]
9,176,17.0,[914.0, 128.0, 261.0, 485.0, 223.0, 359.0],[112092, 110818, 101902, 119735, 101902, 122283],[9461, 30710, 3285, 6704, 5643, 1264]
9,177,18.0,[914.0, 128.0, 261.0, 485.0, 223.0, 359.0],[119565, 118206, 108695, 127717, 108695, 130435],[9461, 30710, 3285, 6704, 5643, 1264]
9,178,19.0,[914.0, 128.0, 261.0, 485.0, 223.0, 359.0],[127038, 125594, 115489, 135700, 115489, 138587],[9461, 30710, 3285, 6704, 5643, 1264]
9,179,20.0,[914.0, 128.0, 261.0, 485.0, 223.0, 359.0],[134511, 132982, 122282, 143682, 122282, 146739],[9461, 30710, 3285, 6704, 5643, 1264]
9,180,21.0,[914.0, 128.0, 261.0, 485.0, 223.0, 359.0],[134511, 132982, 122282, 143682, 122282, 146739],[9461, 30710, 3285, 6704, 5643, 1264]
10,181,2.0,[0.0, 0.0, 0.0, 0.0, 0.0, 0.0],[0, 0, 0, 0, 0, 0],[0, 0, 0, 0, 0, 0]
10,182,3.0,[333.0, 608.0, 238.0, 454.0, 402.0, 324.0],[7218, 8322, 7472, 7133, 6793, 6878],[930, 784, 728, 780, 1110, 844]
10,183,4.0,[500.0, 482.0, 238.0, 454.0, 493.0, 323.0],[14436, 16644, 14945, 14266, 13586, 13756],[2209, 2410, 728, 780, 2647, 2516]
10,184,5.0,[617.0, 615.0, 238.0, 454.0, 511.0, 444.0],[21654, 24966, 22418, 21399, 20380, 20635],[7186, 7341, 728, 780, 6994, 7052]
10,185,6.0,[645.0, 702.0, 238.0, 454.0, 548.0, 497.0],[28872, 33288, 29891, 28532, 27173, 27513],[8808, 9450, 728, 780, 8061, 8743]
10,186,7.0,[729.0, 702.0, 238.0, 454.0, 522.0, 477.0],[36090, 41610, 37364, 35665, 33967, 34392],[10551, 9450, 728, 780, 9573, 10373]
10,187,8.0,[817.0, 702.0, 238.0, 454.0, 545.0, 493.0],[43308, 49932, 44837, 42799, 40760, 41270],[11786, 9450, 728, 780, 10333, 11633]
10,188,9.0,[996.0, 702.0, 238.0, 454.0, 545.0, 552.0],[50526, 58254, 52309, 49932, 47554, 48149],[17275, 9450, 728, 780, 10333, 16614]
10,189,10.0,[964.0, 702.0, 238.0, 454.0, 545.0, 579.0],[57744, 66576, 59782, 57065, 54347, 55027],[21118, 9450, 728, 780, 10333, 20541]
10,190,11.0,[863.0, 702.0, 238.0, 454.0, 545.0, 579.0],[64962, 74898, 67255, 64198, 61141, 61905],[25962, 9450, 728, 780, 10333, 20541]
10,191,12.0,[863.0, 702.0, 238.0, 454.0, 545.0, 579.0],[72180, 83220, 74728, 71331, 67934, 68784],[25962, 9450, 728, 780, 10333, 20541]
10,192,13.0,[863.0, 702.0, 238.0, 454.0, 545.0, 579.0],[79398, 91542, 82201, 78464, 74728, 75662],[25962, 9450, 728, 780, 10333, 20541]
10,193,14.0,[863.0, 702.0, 238.0, 454.0, 545.0, 579.0],[86616, 99864, 89674, 85598, 81521, 82541],[25962, 9450, 728, 780, 10333, 20541]
10,194,15.0,[863.0, 702.0, 238.0, 454.0, 545.0, 579.0],[93835, 108186, 97146, 92731, 88315, 89419],[25962, 9450, 728, 780, 10333, 20541]
10,195,16.0,[863.0, 702.0, 238.0, 454.0, 545.0, 579.0],[101053, 116508, 104619, 99864, 95108, 96298],[25962, 9450, 728, 780, 10333, 20541]
10,196,17.0,[863.0, 702.0, 238.0, 454.0, 545.0, 579.0],[108271, 124830, 112092, 106997, 101902, 103176],[25962, 9450, 728, 780, 10333, 20541]
10,197,18.0,[863.0, 702.0, 238.0, 454.0, 545.0, 579.0],[115489, 133152, 119565, 114130, 108695, 110054],[25962, 9450, 728, 780, 10333, 20541]
10,198,19.0,[863.0, 702.0, 238.0, 454.0, 545.0, 579.0],[122707, 141474, 127038, 121263, 115489, 116933],[25962, 9450, 728, 780, 10333, 20541]
10,199,20.0,[863.0, 702.0, 238.0, 454.0, 545.0, 579.0],[129925, 149796, 134511, 128397, 122282, 123811],[25962, 9450, 728, 780, 10333, 20541]
10,200,21.0,[863.0, 702.0, 238.0, 454.0, 545.0, 579.0],[129925, 149796, 134511, 128397, 122282, 123811],[25962, 9450, 728, 780, 10333, 20541]
1,1,2.0,[0.0, 0.0, 0.0, 0.0, 0.0, 0.0],[0, 0, 0, 0, 0, 0],[0, 0, 0, 0, 0, 0]
1,2,3.0,[326.0, 317.0, 427.0, 514.0, 335.0, 424.0],[8067, 6963, 8237, 8322, 7048, 8067],[1115, 750, 660, 840, 728, 1084]
1,3,4.0,[273.0, 232.0, 427.0, 514.0, 335.0, 424.0],[16134, 13926, 16474, 16644, 14096, 16134],[7856, 1149, 660, 840, 728, 1084]
1,4,5.0,[292.0, 472.0, 427.0, 514.0, 335.0, 356.0],[24201, 20890, 24711, 24966, 21144, 24201],[9437, 1836, 660, 840, 728, 1370]
1,5,6.0,[375.0, 817.0, 427.0, 514.0, 335.0, 363.0],[32269, 27853, 32948, 33288, 28193, 32269],[10270, 3321, 660, 840, 728, 2338]
1,6,7.0,[391.0, 892.0, 427.0, 514.0, 335.0, 397.0],[40336, 34816, 41185, 41610, 35241, 40336],[10405, 3597, 660, 840, 728, 2485]
1,7,8.0,[754.0, 1496.0, 427.0, 514.0, 335.0, 397.0],[48403, 41780, 49422, 49932, 42289, 48403],[14584, 8028, 660, 840, 728, 2485]
1,8,9.0,[826.0, 1141.0, 427.0, 514.0, 335.0, 397.0],[56471, 48743, 57659, 58254, 49337, 56471],[21157, 14685, 660, 840, 728, 2485]
1,9,10.0,[825.0, 1039.0, 427.0, 514.0, 335.0, 397.0],[64538, 55706, 65896, 66576, 56386, 64538],[21787, 18720, 660, 843, 728, 2485]
1,10,11.0,[965.0, 1039.0, 427.0, 514.0, 335.0, 397.0],[72605, 62670, 74133, 74898, 63434, 72605],[29074, 18720, 660, 843, 728, 2485]
1,11,12.0,[718.0, 1039.0, 427.0, 514.0, 335.0, 397.0],[80673, 69633, 82370, 83220, 70482, 80673],[42922, 18720, 660, 843, 728, 2485]
1,12,13.0,[718.0, 1039.0, 427.0, 514.0, 335.0, 397.0],[88740, 76596, 90608, 91542, 77530, 88740],[42922, 18720, 660, 843, 728, 2485]
1,13,14.0,[718.0, 1039.0, 427.0, 514.0, 335.0, 397.0],[96807, 83560, 98845, 99864, 84579, 96807],[42922, 18720, 660, 843, 728, 2485]
1,1,2.0,[0.0, 0.0, 0.0, 0.0, 0.0, 0.0],[0, 0, 0, 0, 0, 0],[0, 0, 0, 0, 0, 0],42,80,800,5,20
1,2,3.0,[293.0, 236.0, 362.0, 355.0, 370.0, 361.0],[7133, 7897, 7303, 7472, 7048, 7982],[900, 814, 821, 930, 870, 870],42,80,800,5,20
1,3,4.0,[353.0, 534.0, 651.0, 519.0, 385.0, 598.0],[14266, 15794, 14606, 14945, 14096, 15964],[6213, 6745, 4526, 5949, 5983, 5553],42,80,800,5,20
1,4,5.0,[339.0, 512.0, 728.0, 493.0, 385.0, 575.0],[21399, 23692, 21909, 22418, 21144, 23947],[6573, 7418, 6371, 7341, 5983, 6225],42,80,800,5,20
1,5,6.0,[339.0, 512.0, 831.0, 493.0, 385.0, 575.0],[28532, 31589, 29212, 29891, 28193, 31929],[6573, 7418, 15317, 7341, 5983, 6225],42,80,800,5,20
1,6,7.0,[339.0, 251.0, 831.0, 493.0, 385.0, 575.0],[35665, 39487, 36515, 37364, 35241, 39911],[6573, 15207, 15317, 7341, 5983, 6225],42,80,800,5,20
1,7,8.0,[339.0, 251.0, 831.0, 493.0, 385.0, 575.0],[42799, 47384, 43818, 44837, 42289, 47894],[6573, 15207, 15317, 7341, 5983, 6225],42,80,800,5,20
1,8,9.0,[339.0, 251.0, 831.0, 493.0, 385.0, 575.0],[49932, 55282, 51121, 52309, 49337, 55876],[6573, 15207, 15317, 7341, 5983, 6225],42,80,800,5,20
1,9,10.0,[339.0, 251.0, 831.0, 493.0, 385.0, 575.0],[57065, 63179, 58424, 59782, 56386, 63858],[6573, 15207, 15317, 7341, 5983, 6225],42,80,800,5,20
1,10,11.0,[339.0, 251.0, 831.0, 493.0, 385.0, 575.0],[64198, 71077, 65727, 67255, 63434, 71841],[6573, 15207, 15317, 7341, 5983, 6225],42,80,800,5,20
1,11,12.0,[339.0, 251.0, 831.0, 493.0, 385.0, 575.0],[71331, 78974, 73030, 74728, 70482, 79823],[6573, 15207, 15317, 7341, 5983, 6225],42,80,800,5,20
1,12,13.0,[339.0, 251.0, 831.0, 493.0, 385.0, 575.0],[78464, 86872, 80333, 82201, 77530, 87806],[6573, 15207, 15317, 7341, 5983, 6225],42,80,800,5,20
1,13,14.0,[339.0, 251.0, 831.0, 493.0, 385.0, 575.0],[85598, 94769, 87636, 89674, 84579, 95788],[6573, 15207, 15317, 7341, 5983, 6225],42,80,800,5,20
1,14,15.0,[339.0, 251.0, 831.0, 493.0, 385.0, 575.0],[92731, 102666, 94939, 97146, 91627, 103770],[6573, 15207, 15317, 7341, 5983, 6225],42,80,800,5,20
1,15,16.0,[339.0, 251.0, 831.0, 493.0, 385.0, 575.0],[99864, 110564, 102242, 104619, 98675, 111753],[6573, 15207, 15317, 7341, 5983, 6225],42,80,800,5,20
1,16,17.0,[339.0, 251.0, 831.0, 493.0, 385.0, 575.0],[106997, 118461, 109545, 112092, 105723, 119735],[6573, 15207, 15317, 7341, 5983, 6225],42,80,800,5,20
1,17,18.0,[339.0, 251.0, 831.0, 493.0, 385.0, 575.0],[114130, 126359, 116848, 119565, 112772, 127717],[6573, 15207, 15317, 7341, 5983, 6225],42,80,800,5,20
1,18,19.0,[339.0, 251.0, 831.0, 493.0, 385.0, 575.0],[121263, 134256, 124151, 127038, 119820, 135700],[6573, 15207, 15317, 7341, 5983, 6225],42,80,800,5,20
1,19,20.0,[339.0, 251.0, 831.0, 493.0, 385.0, 575.0],[128397, 142154, 131454, 134511, 126868, 143682],[6573, 15207, 15317, 7341, 5983, 6225],42,80,800,5,20
1,20,21.0,[339.0, 251.0, 831.0, 493.0, 385.0, 575.0],[128397, 142154, 131454, 134511, 126868, 143682],[6573, 15207, 15317, 7341, 5983, 6225],42,80,800,5,20
2,21,2.0,[0.0, 0.0, 0.0, 0.0, 0.0, 0.0],[0, 0, 0, 0, 0, 0],[0, 0, 0, 0, 0, 0],42,80,800,5,20
2,22,3.0,[374.0, 336.0, 195.0, 237.0, 313.0, 418.0],[7133, 7897, 7557, 7133, 7387, 8491],[720, 870, 947, 510, 540, 1560],42,80,800,5,20
2,23,4.0,[593.0, 618.0, 617.0, 657.0, 535.0, 637.0],[14266, 15794, 15115, 14266, 14775, 16983],[4467, 2363, 3308, 3043, 3867, 6873],42,80,800,5,20
2,24,5.0,[604.0, 664.0, 643.0, 679.0, 559.0, 651.0],[21399, 23692, 22673, 21399, 22163, 25475],[4642, 2510, 3476, 3197, 4014, 7237],42,80,800,5,20
2,25,6.0,[610.0, 718.0, 643.0, 755.0, 559.0, 681.0],[28532, 31589, 30231, 28532, 29551, 33967],[4670, 2618, 3476, 3440, 4014, 7447],42,80,800,5,20
2,26,7.0,[764.0, 889.0, 924.0, 755.0, 559.0, 815.0],[35665, 39487, 37788, 35665, 36939, 42459],[5198, 2918, 4037, 3440, 4014, 8263],42,80,800,5,20
2,27,8.0,[456.0, 832.0, 1854.0, 1795.0, 559.0, 1146.0],[42799, 47384, 45346, 42799, 44327, 50951],[9902, 7769, 8006, 7178, 4014, 11026],42,80,800,5,20
2,28,9.0,[456.0, 829.0, 1851.0, 1793.0, 559.0, 1171.0],[49932, 55282, 52904, 49932, 51715, 59442],[9914, 8027, 8228, 7364, 4014, 11410],42,80,800,5,20
2,29,10.0,[456.0, 791.0, 1851.0, 1718.0, 559.0, 1260.0],[57065, 63179, 60462, 57065, 59103, 67934],[9914, 9833, 8228, 9011, 4014, 13306],42,80,800,5,20
2,30,11.0,[456.0, 791.0, 1851.0, 1698.0, 559.0, 1261.0],[64198, 71077, 68020, 64198, 66491, 76426],[9914, 9833, 8228, 9554, 4014, 13321],42,80,800,5,20
2,31,12.0,[456.0, 791.0, 1851.0, 1698.0, 559.0, 1385.0],[71331, 78974, 75577, 71331, 73879, 84918],[9914, 9833, 8228, 9554, 4014, 15298],42,80,800,5,20
2,32,13.0,[456.0, 791.0, 1851.0, 1698.0, 559.0, 952.0],[78464, 86872, 83135, 78464, 81267, 93410],[9914, 9833, 8228, 9554, 4014, 31889],42,80,800,5,20
2,33,14.0,[456.0, 791.0, 1851.0, 1698.0, 559.0, 754.0],[85598, 94769, 90693, 85598, 88655, 101902],[9914, 9833, 8228, 9554, 4014, 40283],42,80,800,5,20
2,34,15.0,[456.0, 791.0, 1851.0, 1698.0, 559.0, 754.0],[92731, 102666, 98251, 92731, 96043, 110394],[9914, 9833, 8228, 9554, 4014, 40283],42,80,800,5,20
2,35,16.0,[456.0, 791.0, 1851.0, 1698.0, 559.0, 754.0],[99864, 110564, 105808, 99864, 103430, 118885],[9914, 9833, 8228, 9554, 4014, 40283],42,80,800,5,20
2,36,17.0,[456.0, 791.0, 1851.0, 1698.0, 559.0, 754.0],[106997, 118461, 113366, 106997, 110818, 127377],[9914, 9833, 8228, 9554, 4014, 40283],42,80,800,5,20
2,37,18.0,[456.0, 791.0, 1851.0, 1698.0, 559.0, 754.0],[114130, 126359, 120924, 114130, 118206, 135869],[9914, 9833, 8228, 9554, 4014, 40283],42,80,800,5,20
2,38,19.0,[456.0, 791.0, 1851.0, 1698.0, 559.0, 754.0],[121263, 134256, 128482, 121263, 125594, 144361],[9914, 9833, 8228, 9554, 4014, 40283],42,80,800,5,20
2,39,20.0,[456.0, 791.0, 1851.0, 1698.0, 559.0, 754.0],[128397, 142154, 136040, 128397, 132982, 152853],[9914, 9833, 8228, 9554, 4014, 40283],42,80,800,5,20
2,40,21.0,[456.0, 791.0, 1851.0, 1698.0, 559.0, 754.0],[128397, 142154, 136040, 128397, 132982, 152853],[9914, 9833, 8228, 9554, 4014, 40283],42,80,800,5,20
3,41,2.0,[0.0, 0.0, 0.0, 0.0, 0.0, 0.0],[0, 0, 0, 0, 0, 0],[0, 0, 0, 0, 0, 0],42,80,800,5,20
3,42,3.0,[502.0, 328.0, 389.0, 321.0, 377.0, 246.0],[7557, 8067, 7303, 7218, 6878, 7727],[699, 1232, 990, 630, 930, 630],42,80,800,5,20
3,43,4.0,[787.0, 328.0, 389.0, 321.0, 565.0, 638.0],[15115, 16134, 14606, 14436, 13756, 15455],[4647, 1232, 990, 630, 4668, 3483],42,80,800,5,20
3,44,5.0,[822.0, 329.0, 389.0, 321.0, 593.0, 706.0],[22673, 24201, 21909, 21654, 20635, 23182],[5103, 1706, 990, 630, 5292, 4071],42,80,800,5,20
3,45,6.0,[940.0, 237.0, 389.0, 321.0, 595.0, 989.0],[30231, 32269, 29212, 28872, 27513, 30910],[12264, 6192, 990, 630, 11781, 9864],42,80,800,5,20
3,46,7.0,[771.0, 237.0, 389.0, 321.0, 549.0, 859.0],[37788, 40336, 36515, 36090, 34392, 38638],[15785, 6192, 990, 630, 14460, 13308],42,80,800,5,20
3,47,8.0,[708.0, 237.0, 389.0, 321.0, 561.0, 866.0],[45346, 48403, 43818, 43308, 41270, 46365],[18185, 6192, 990, 630, 16917, 15786],42,80,800,5,20
3,48,9.0,[686.0, 237.0, 389.0, 321.0, 561.0, 896.0],[52904, 56471, 51121, 50526, 48149, 54093],[19464, 6192, 990, 630, 16917, 16997],42,80,800,5,20
3,49,10.0,[686.0, 237.0, 389.0, 321.0, 561.0, 1025.0],[60462, 64538, 58424, 57744, 55027, 61820],[19464, 6192, 990, 630, 16917, 22482],42,80,800,5,20
3,50,11.0,[686.0, 237.0, 389.0, 321.0, 561.0, 1045.0],[68020, 72605, 65727, 64962, 61905, 69548],[19464, 6192, 990, 630, 16917, 23749],42,80,800,5,20
3,51,12.0,[686.0, 237.0, 389.0, 321.0, 561.0, 1066.0],[75577, 80673, 73030, 72180, 68784, 77276],[19464, 6192, 990, 630, 16917, 24343],42,80,800,5,20
3,52,13.0,[686.0, 237.0, 389.0, 321.0, 561.0, 1066.0],[83135, 88740, 80333, 79398, 75662, 85003],[19464, 6192, 990, 630, 16917, 24343],42,80,800,5,20
3,53,14.0,[686.0, 237.0, 389.0, 321.0, 561.0, 1066.0],[90693, 96807, 87636, 86616, 82541, 92731],[19464, 6192, 990, 630, 16917, 24343],42,80,800,5,20
3,54,15.0,[686.0, 237.0, 389.0, 321.0, 561.0, 1066.0],[98251, 104875, 94939, 93835, 89419, 100459],[19464, 6192, 990, 630, 16917, 24343],42,80,800,5,20
3,55,16.0,[686.0, 237.0, 389.0, 321.0, 561.0, 1066.0],[105808, 112942, 102242, 101053, 96298, 108186],[19464, 6192, 990, 630, 16917, 24343],42,80,800,5,20
3,56,17.0,[686.0, 237.0, 389.0, 321.0, 561.0, 1066.0],[113366, 121009, 109545, 108271, 103176, 115914],[19464, 6192, 990, 630, 16917, 24343],42,80,800,5,20
3,57,18.0,[686.0, 237.0, 389.0, 321.0, 561.0, 1066.0],[120924, 129077, 116848, 115489, 110054, 123641],[19464, 6192, 990, 630, 16917, 24343],42,80,800,5,20
3,58,19.0,[686.0, 237.0, 389.0, 321.0, 561.0, 1066.0],[128482, 137144, 124151, 122707, 116933, 131369],[19464, 6192, 990, 630, 16917, 24343],42,80,800,5,20
3,59,20.0,[686.0, 237.0, 389.0, 321.0, 561.0, 1066.0],[136040, 145211, 131454, 129925, 123811, 139097],[19464, 6192, 990, 630, 16917, 24343],42,80,800,5,20
3,60,21.0,[686.0, 237.0, 389.0, 321.0, 561.0, 1066.0],[136040, 145211, 131454, 129925, 123811, 139097],[19464, 6192, 990, 630, 16917, 24343],42,80,800,5,20
4,61,2.0,[0.0, 0.0, 0.0, 0.0, 0.0, 0.0],[0, 0, 0, 0, 0, 0],[0, 0, 0, 0, 0, 0],42,80,800,5,20
4,62,3.0,[292.0, 164.0, 383.0, 361.0, 472.0, 397.0],[8067, 8237, 7897, 7472, 7218, 6963],[1063, 120, 1380, 786, 900, 900],42,80,800,5,20
4,63,4.0,[292.0, 542.0, 524.0, 644.0, 492.0, 406.0],[16134, 16474, 15794, 14945, 14436, 13926],[1063, 238, 1863, 1803, 1087, 988],42,80,800,5,20
4,64,5.0,[292.0, 542.0, 524.0, 871.0, 492.0, 406.0],[24201, 24711, 23692, 22418, 21654, 20890],[1063, 238, 1863, 3243, 1087, 988],42,80,800,5,20
4,65,6.0,[292.0, 2287.0, 524.0, 871.0, 1499.0, 1411.0],[32269, 32948, 31589, 29891, 28872, 27853],[1063, 1535, 1863, 3243, 2138, 2096],42,80,800,5,20
4,66,7.0,[292.0, 2384.0, 524.0, 871.0, 1684.0, 1625.0],[40336, 41185, 39487, 37364, 36090, 34816],[1063, 1805, 1863, 3243, 2492, 2534],42,80,800,5,20
4,67,8.0,[292.0, 440.0, 524.0, 871.0, 721.0, 1625.0],[48403, 49422, 47384, 44837, 43308, 41780],[1063, 9804, 1863, 3243, 16843, 2534],42,80,800,5,20
4,68,9.0,[292.0, 425.0, 524.0, 871.0, 721.0, 1910.0],[56471, 57659, 55282, 52309, 50526, 48743],[1063, 11748, 1863, 3243, 16843, 4336],42,80,800,5,20
4,69,10.0,[292.0, 349.0, 524.0, 871.0, 721.0, 1910.0],[64538, 65896, 63179, 59782, 57744, 55706],[1063, 20274, 1863, 3243, 16843, 4336],42,80,800,5,20
4,70,11.0,[292.0, 349.0, 524.0, 871.0, 721.0, 1910.0],[72605, 74133, 71077, 67255, 64962, 62670],[1063, 20274, 1863, 3243, 16843, 4336],42,80,800,5,20
4,71,12.0,[292.0, 349.0, 524.0, 871.0, 721.0, 1910.0],[80673, 82370, 78974, 74728, 72180, 69633],[1063, 20274, 1863, 3243, 16843, 4336],42,80,800,5,20
4,72,13.0,[292.0, 349.0, 524.0, 871.0, 721.0, 1910.0],[88740, 90608, 86872, 82201, 79398, 76596],[1063, 20274, 1863, 3243, 16843, 4336],42,80,800,5,20
4,73,14.0,[292.0, 349.0, 524.0, 871.0, 721.0, 1910.0],[96807, 98845, 94769, 89674, 86616, 83560],[1063, 20274, 1863, 3243, 16843, 4336],42,80,800,5,20
4,74,15.0,[292.0, 349.0, 524.0, 871.0, 721.0, 1910.0],[104875, 107082, 102666, 97146, 93835, 90523],[1063, 20274, 1863, 3243, 16843, 4336],42,80,800,5,20
4,75,16.0,[292.0, 349.0, 524.0, 871.0, 721.0, 1910.0],[112942, 115319, 110564, 104619, 101053, 97486],[1063, 20274, 1863, 3243, 16843, 4336],42,80,800,5,20
4,76,17.0,[292.0, 349.0, 524.0, 871.0, 721.0, 1910.0],[121009, 123556, 118461, 112092, 108271, 104450],[1063, 20274, 1863, 3243, 16843, 4336],42,80,800,5,20
4,77,18.0,[292.0, 349.0, 524.0, 871.0, 721.0, 1910.0],[129077, 131793, 126359, 119565, 115489, 111413],[1063, 20274, 1863, 3243, 16843, 4336],42,80,800,5,20
4,78,19.0,[292.0, 349.0, 524.0, 871.0, 721.0, 1910.0],[137144, 140030, 134256, 127038, 122707, 118376],[1063, 20274, 1863, 3243, 16843, 4336],42,80,800,5,20
4,79,20.0,[292.0, 349.0, 524.0, 871.0, 721.0, 1910.0],[145211, 148267, 142154, 134511, 129925, 125340],[1063, 20274, 1863, 3243, 16843, 4336],42,80,800,5,20
4,80,21.0,[292.0, 349.0, 524.0, 871.0, 721.0, 1910.0],[145211, 148267, 142154, 134511, 129925, 125340],[1063, 20274, 1863, 3243, 16843, 4336],42,80,800,5,20
5,81,2.0,[0.0, 0.0, 0.0, 0.0, 0.0, 0.0],[0, 0, 0, 0, 0, 0],[0, 0, 0, 0, 0, 0],42,80,800,5,20
5,82,3.0,[38.0, 424.0, 280.0, 395.0, 255.0, 459.0],[7557, 7387, 7048, 7642, 8322, 7982],[180, 960, 1505, 1230, 570, 750],42,80,800,5,20
5,83,4.0,[498.0, 766.0, 325.0, 395.0, 353.0, 755.0],[15115, 14775, 14096, 15285, 16644, 15964],[1306, 3058, 2010, 1230, 1707, 2367],42,80,800,5,20
5,84,5.0,[498.0, 785.0, 358.0, 395.0, 386.0, 667.0],[22673, 22163, 21144, 22928, 24966, 23947],[1306, 3618, 2625, 1230, 2239, 2939],42,80,800,5,20
5,85,6.0,[498.0, 999.0, 534.0, 395.0, 386.0, 830.0],[30231, 29551, 28193, 30570, 33288, 31929],[1306, 5441, 4512, 1230, 2239, 4740],42,80,800,5,20
5,86,7.0,[498.0, 1063.0, 534.0, 395.0, 386.0, 1139.0],[37788, 36939, 35241, 38213, 41610, 39911],[1306, 6298, 4512, 1230, 2239, 9908],42,80,800,5,20
5,87,8.0,[498.0, 1063.0, 534.0, 395.0, 386.0, 1154.0],[45346, 44327, 42289, 45856, 49932, 47894],[1306, 6298, 4512, 1230, 2239, 12274],42,80,800,5,20
5,88,9.0,[498.0, 1063.0, 534.0, 395.0, 386.0, 1197.0],[52904, 51715, 49337, 53498, 58254, 55876],[1306, 6298, 4512, 1230, 2239, 19575],42,80,800,5,20
5,89,10.0,[498.0, 1063.0, 534.0, 395.0, 386.0, 1197.0],[60462, 59103, 56386, 61141, 66576, 63858],[1306, 6298, 4512, 1230, 2239, 19575],42,80,800,5,20
5,90,11.0,[498.0, 1063.0, 534.0, 395.0, 386.0, 1197.0],[68020, 66491, 63434, 68784, 74898, 71841],[1306, 6298, 4512, 1230, 2239, 19575],42,80,800,5,20
5,91,12.0,[498.0, 1063.0, 534.0, 395.0, 386.0, 1197.0],[75577, 73879, 70482, 76426, 83220, 79823],[1306, 6298, 4512, 1230, 2239, 19575],42,80,800,5,20
5,92,13.0,[498.0, 1063.0, 534.0, 395.0, 386.0, 1197.0],[83135, 81267, 77530, 84069, 91542, 87806],[1306, 6298, 4512, 1230, 2239, 19575],42,80,800,5,20
5,93,14.0,[498.0, 1063.0, 534.0, 395.0, 386.0, 1197.0],[90693, 88655, 84579, 91712, 99864, 95788],[1306, 6298, 4512, 1230, 2239, 19575],42,80,800,5,20
5,94,15.0,[498.0, 1063.0, 534.0, 395.0, 386.0, 1197.0],[98251, 96043, 91627, 99354, 108186, 103770],[1306, 6298, 4512, 1230, 2239, 19575],42,80,800,5,20
5,95,16.0,[498.0, 1063.0, 534.0, 395.0, 386.0, 1197.0],[105808, 103430, 98675, 106997, 116508, 111753],[1306, 6298, 4512, 1230, 2239, 19575],42,80,800,5,20
5,96,17.0,[498.0, 1063.0, 534.0, 395.0, 386.0, 1197.0],[113366, 110818, 105723, 114640, 124830, 119735],[1306, 6298, 4512, 1230, 2239, 19575],42,80,800,5,20
5,97,18.0,[498.0, 1063.0, 534.0, 395.0, 386.0, 1197.0],[120924, 118206, 112772, 122283, 133152, 127717],[1306, 6298, 4512, 1230, 2239, 19575],42,80,800,5,20
5,98,19.0,[498.0, 1063.0, 534.0, 395.0, 386.0, 1197.0],[128482, 125594, 119820, 129925, 141474, 135700],[1306, 6298, 4512, 1230, 2239, 19575],42,80,800,5,20
5,99,20.0,[498.0, 1063.0, 534.0, 395.0, 386.0, 1197.0],[136040, 132982, 126868, 137568, 149796, 143682],[1306, 6298, 4512, 1230, 2239, 19575],42,80,800,5,20
5,100,21.0,[498.0, 1063.0, 534.0, 395.0, 386.0, 1197.0],[136040, 132982, 126868, 137568, 149796, 143682],[1306, 6298, 4512, 1230, 2239, 19575],42,80,800,5,20
6,101,2.0,[0.0, 0.0, 0.0, 0.0, 0.0, 0.0],[0, 0, 0, 0, 0, 0],[0, 0, 0, 0, 0, 0],42,80,800,5,20
6,102,3.0,[263.0, 286.0, 501.0, 381.0, 221.0, 342.0],[8406, 7133, 8237, 7048, 8406, 7472],[1020, 810, 840, 1116, 251, 1110],42,80,800,5,20
6,103,4.0,[494.0, 286.0, 501.0, 381.0, 221.0, 342.0],[16813, 14266, 16474, 14096, 16813, 14945],[9210, 810, 840, 1116, 251, 1110],42,80,800,5,20
6,104,5.0,[494.0, 302.0, 406.0, 364.0, 221.0, 342.0],[25220, 21399, 24711, 21144, 25220, 22418],[9210, 1682, 1694, 1797, 251, 1110],42,80,800,5,20
6,105,6.0,[494.0, 525.0, 533.0, 482.0, 221.0, 342.0],[33627, 28532, 32948, 28193, 33627, 29891],[9210, 3878, 4133, 4484, 251, 1110],42,80,800,5,20
6,106,7.0,[494.0, 354.0, 371.0, 482.0, 221.0, 342.0],[42034, 35665, 41185, 35241, 42034, 37364],[9210, 8146, 8609, 4484, 251, 1110],42,80,800,5,20
6,107,8.0,[494.0, 322.0, 371.0, 482.0, 221.0, 342.0],[50441, 42799, 49422, 42289, 50441, 44837],[9210, 12377, 8609, 4484, 251, 1110],42,80,800,5,20
6,108,9.0,[494.0, 322.0, 371.0, 482.0, 221.0, 342.0],[58848, 49932, 57659, 49337, 58848, 52309],[9210, 12377, 8609, 4484, 251, 1110],42,80,800,5,20
6,109,10.0,[494.0, 322.0, 371.0, 482.0, 221.0, 342.0],[67255, 57065, 65896, 56386, 67255, 59782],[9210, 12377, 8609, 4484, 251, 1110],42,80,800,5,20
6,110,11.0,[494.0, 322.0, 371.0, 482.0, 221.0, 342.0],[75662, 64198, 74133, 63434, 75662, 67255],[9210, 12377, 8609, 4484, 251, 1110],42,80,800,5,20
6,111,12.0,[494.0, 322.0, 371.0, 482.0, 221.0, 342.0],[84069, 71331, 82370, 70482, 84069, 74728],[9210, 12377, 8609, 4484, 251, 1110],42,80,800,5,20
6,112,13.0,[494.0, 322.0, 371.0, 482.0, 221.0, 342.0],[92476, 78464, 90608, 77530, 92476, 82201],[9210, 12377, 8609, 4484, 251, 1110],42,80,800,5,20
6,113,14.0,[494.0, 322.0, 371.0, 482.0, 221.0, 342.0],[100883, 85598, 98845, 84579, 100883, 89674],[9210, 12377, 8609, 4484, 251, 1110],42,80,800,5,20
6,114,15.0,[494.0, 322.0, 371.0, 482.0, 221.0, 342.0],[109290, 92731, 107082, 91627, 109290, 97146],[9210, 12377, 8609, 4484, 251, 1110],42,80,800,5,20
6,115,16.0,[494.0, 322.0, 371.0, 482.0, 221.0, 342.0],[117697, 99864, 115319, 98675, 117697, 104619],[9210, 12377, 8609, 4484, 251, 1110],42,80,800,5,20
6,116,17.0,[494.0, 322.0, 371.0, 482.0, 221.0, 342.0],[126104, 106997, 123556, 105723, 126104, 112092],[9210, 12377, 8609, 4484, 251, 1110],42,80,800,5,20
6,117,18.0,[494.0, 322.0, 371.0, 482.0, 221.0, 342.0],[134511, 114130, 131793, 112772, 134511, 119565],[9210, 12377, 8609, 4484, 251, 1110],42,80,800,5,20
6,118,19.0,[494.0, 322.0, 371.0, 482.0, 221.0, 342.0],[142918, 121263, 140030, 119820, 142918, 127038],[9210, 12377, 8609, 4484, 251, 1110],42,80,800,5,20
6,119,20.0,[494.0, 322.0, 371.0, 482.0, 221.0, 342.0],[151325, 128397, 148267, 126868, 151325, 134511],[9210, 12377, 8609, 4484, 251, 1110],42,80,800,5,20
6,120,21.0,[494.0, 322.0, 371.0, 482.0, 221.0, 342.0],[151325, 128397, 148267, 126868, 151325, 134511],[9210, 12377, 8609, 4484, 251, 1110],42,80,800,5,20
7,121,2.0,[0.0, 0.0, 0.0, 0.0, 0.0, 0.0],[0, 0, 0, 0, 0, 0],[0, 0, 0, 0, 0, 0],42,80,800,5,20
7,122,3.0,[231.0, 375.0, 383.0, 348.0, 261.0, 386.0],[7982, 8491, 7812, 6878, 7557, 8491],[840, 810, 1170, 750, 897, 690],42,80,800,5,20
7,123,4.0,[231.0, 739.0, 595.0, 348.0, 709.0, 760.0],[15964, 16983, 15624, 13756, 15115, 16983],[840, 2490, 3027, 750, 2985, 2370],42,80,800,5,20
7,124,5.0,[338.0, 728.0, 656.0, 348.0, 709.0, 760.0],[23947, 25475, 23437, 20635, 22673, 25475],[1906, 2588, 4277, 750, 2985, 2370],42,80,800,5,20
7,125,6.0,[580.0, 728.0, 836.0, 348.0, 711.0, 760.0],[31929, 33967, 31249, 27513, 30231, 33967],[3670, 2588, 6188, 750, 2990, 2370],42,80,800,5,20
7,126,7.0,[580.0, 728.0, 836.0, 348.0, 711.0, 760.0],[39911, 42459, 39062, 34392, 37788, 42459],[3670, 2588, 6188, 750, 2990, 2370],42,80,800,5,20
7,127,8.0,[444.0, 728.0, 836.0, 348.0, 711.0, 760.0],[47894, 50951, 46874, 41270, 45346, 50951],[5793, 2588, 6188, 750, 2990, 2370],42,80,800,5,20
7,128,9.0,[444.0, 728.0, 836.0, 348.0, 711.0, 760.0],[55876, 59442, 54687, 48149, 52904, 59442],[5793, 2588, 6188, 750, 2990, 2370],42,80,800,5,20
7,129,10.0,[444.0, 728.0, 836.0, 348.0, 711.0, 760.0],[63858, 67934, 62499, 55027, 60462, 67934],[5793, 2588, 6188, 750, 2990, 2370],42,80,800,5,20
7,130,11.0,[444.0, 728.0, 836.0, 348.0, 711.0, 760.0],[71841, 76426, 70312, 61905, 68020, 76426],[5793, 2588, 6188, 750, 2990, 2370],42,80,800,5,20
7,131,12.0,[444.0, 728.0, 836.0, 348.0, 711.0, 760.0],[79823, 84918, 78124, 68784, 75577, 84918],[5793, 2588, 6188, 750, 2990, 2370],42,80,800,5,20
7,132,13.0,[444.0, 728.0, 836.0, 348.0, 711.0, 760.0],[87806, 93410, 85937, 75662, 83135, 93410],[5793, 2588, 6188, 750, 2990, 2370],42,80,800,5,20
7,133,14.0,[444.0, 728.0, 836.0, 348.0, 711.0, 760.0],[95788, 101902, 93749, 82541, 90693, 101902],[5793, 2588, 6188, 750, 2990, 2370],42,80,800,5,20
7,134,15.0,[444.0, 728.0, 836.0, 348.0, 711.0, 760.0],[103770, 110394, 101562, 89419, 98251, 110394],[5793, 2588, 6188, 750, 2990, 2370],42,80,800,5,20
7,135,16.0,[444.0, 728.0, 836.0, 343.0, 711.0, 760.0],[111753, 118885, 109374, 96298, 105808, 118885],[5793, 2588, 6188, 2939, 2990, 2370],42,80,800,5,20
7,136,17.0,[444.0, 728.0, 836.0, 322.0, 711.0, 760.0],[119735, 127377, 117187, 103176, 113366, 127377],[5793, 2588, 6188, 12379, 2990, 2370],42,80,800,5,20
7,137,18.0,[444.0, 728.0, 836.0, 322.0, 711.0, 760.0],[127717, 135869, 124999, 110054, 120924, 135869],[5793, 2588, 6188, 12379, 2990, 2370],42,80,800,5,20
7,138,19.0,[444.0, 728.0, 836.0, 322.0, 711.0, 760.0],[135700, 144361, 132812, 116933, 128482, 144361],[5793, 2588, 6188, 12379, 2990, 2370],42,80,800,5,20
7,139,20.0,[444.0, 728.0, 836.0, 322.0, 711.0, 760.0],[143682, 152853, 140624, 123811, 136040, 152853],[5793, 2588, 6188, 12379, 2990, 2370],42,80,800,5,20
7,140,21.0,[444.0, 728.0, 836.0, 322.0, 711.0, 760.0],[143682, 152853, 140624, 123811, 136040, 152853],[5793, 2588, 6188, 12379, 2990, 2370],42,80,800,5,20
8,141,2.0,[0.0, 0.0, 0.0, 0.0, 0.0, 0.0],[0, 0, 0, 0, 0, 0],[0, 0, 0, 0, 0, 0],42,80,800,5,20
8,142,3.0,[509.0, 380.0, 325.0, 246.0, 293.0, 349.0],[8237, 7642, 6878, 8067, 8491, 7048],[900, 930, 540, 530, 906, 1350],42,80,800,5,20
8,143,4.0,[684.0, 393.0, 325.0, 812.0, 371.0, 359.0],[16474, 15285, 13756, 16134, 16983, 14096],[2020, 958, 540, 1743, 2030, 2729],42,80,800,5,20
8,144,5.0,[772.0, 393.0, 325.0, 815.0, 428.0, 359.0],[24711, 22928, 20635, 24201, 25475, 21144],[2320, 958, 540, 1752, 2189, 2729],42,80,800,5,20
8,145,6.0,[772.0, 1515.0, 325.0, 1915.0, 933.0, 359.0],[32948, 30570, 27513, 32269, 33967, 28193],[2320, 6418, 540, 5196, 6536, 2729],42,80,800,5,20
8,146,7.0,[1805.0, 1356.0, 325.0, 1915.0, 843.0, 359.0],[41185, 38213, 34392, 40336, 42459, 35241],[4483, 7846, 540, 5196, 7757, 2729],42,80,800,5,20
8,147,8.0,[1817.0, 1264.0, 325.0, 1915.0, 843.0, 359.0],[49422, 45856, 41270, 48403, 50951, 42289],[4525, 11458, 540, 5196, 7757, 2729],42,80,800,5,20
8,148,9.0,[1817.0, 1287.0, 325.0, 1915.0, 843.0, 359.0],[57659, 53498, 48149, 56471, 59442, 49337],[4525, 12683, 540, 5196, 7757, 2729],42,80,800,5,20
8,149,10.0,[2474.0, 1112.0, 325.0, 1915.0, 843.0, 359.0],[65896, 61141, 55027, 64538, 67934, 56386],[9607, 16946, 540, 5196, 7757, 2729],42,80,800,5,20
8,150,11.0,[2084.0, 1112.0, 325.0, 1915.0, 843.0, 359.0],[74133, 68784, 61905, 72605, 76426, 63434],[11977, 16946, 540, 5196, 7757, 2729],42,80,800,5,20
8,151,12.0,[2084.0, 1112.0, 325.0, 1915.0, 843.0, 359.0],[82370, 76426, 68784, 80673, 84918, 70482],[11977, 16946, 540, 5196, 7757, 2729],42,80,800,5,20
8,152,13.0,[2084.0, 1112.0, 325.0, 1915.0, 843.0, 359.0],[90608, 84069, 75662, 88740, 93410, 77530],[11977, 16946, 540, 5196, 7757, 2729],42,80,800,5,20
8,153,14.0,[2084.0, 1112.0, 325.0, 1915.0, 843.0, 359.0],[98845, 91712, 82541, 96807, 101902, 84579],[11977, 16946, 540, 5196, 7757, 2729],42,80,800,5,20
8,154,15.0,[2084.0, 1112.0, 325.0, 1915.0, 843.0, 359.0],[107082, 99354, 89419, 104875, 110394, 91627],[11977, 16946, 540, 5196, 7757, 2729],42,80,800,5,20
8,155,16.0,[2084.0, 1112.0, 325.0, 1915.0, 843.0, 359.0],[115319, 106997, 96298, 112942, 118885, 98675],[11977, 16946, 540, 5196, 7757, 2729],42,80,800,5,20
8,156,17.0,[2084.0, 1112.0, 325.0, 1915.0, 843.0, 359.0],[123556, 114640, 103176, 121009, 127377, 105723],[11977, 16946, 540, 5196, 7757, 2729],42,80,800,5,20
8,157,18.0,[2084.0, 1112.0, 325.0, 1915.0, 843.0, 359.0],[131793, 122283, 110054, 129077, 135869, 112772],[11977, 16946, 540, 5196, 7757, 2729],42,80,800,5,20
8,158,19.0,[2084.0, 1112.0, 325.0, 1915.0, 843.0, 359.0],[140030, 129925, 116933, 137144, 144361, 119820],[11977, 16946, 540, 5196, 7757, 2729],42,80,800,5,20
8,159,20.0,[2084.0, 1112.0, 325.0, 1915.0, 843.0, 359.0],[148267, 137568, 123811, 145211, 152853, 126868],[11977, 16946, 540, 5196, 7757, 2729],42,80,800,5,20
8,160,21.0,[2084.0, 1112.0, 325.0, 1915.0, 843.0, 359.0],[148267, 137568, 123811, 145211, 152853, 126868],[11977, 16946, 540, 5196, 7757, 2729],42,80,800,5,20
9,161,2.0,[0.0, 0.0, 0.0, 0.0, 0.0, 0.0],[0, 0, 0, 0, 0, 0],[0, 0, 0, 0, 0, 0],42,80,800,5,20
9,162,3.0,[375.0, 379.0, 6.0, 332.0, 293.0, 499.0],[7303, 7557, 7048, 7133, 7897, 7812],[1170, 1170, 86, 1140, 853, 783],42,80,800,5,20
9,163,4.0,[371.0, 750.0, 239.0, 590.0, 312.0, 793.0],[14606, 15115, 14096, 14266, 15794, 15624],[2796, 3396, 1178, 1855, 883, 3198],42,80,800,5,20
9,164,5.0,[371.0, 750.0, 239.0, 590.0, 312.0, 793.0],[21909, 22673, 21144, 21399, 23692, 23437],[2796, 3396, 1178, 1855, 883, 3198],42,80,800,5,20
9,165,6.0,[323.0, 750.0, 262.0, 456.0, 253.0, 628.0],[29212, 30231, 28193, 28532, 31589, 31249],[3709, 3396, 1577, 2717, 1818, 4394],42,80,800,5,20
9,166,7.0,[323.0, 750.0, 262.0, 456.0, 253.0, 628.0],[36515, 37788, 35241, 35665, 39487, 39062],[3709, 3396, 1577, 2717, 1818, 4394],42,80,800,5,20
9,167,8.0,[323.0, 750.0, 268.0, 424.0, 257.0, 566.0],[43818, 45346, 42289, 42799, 47384, 46874],[3709, 3396, 2623, 3491, 2871, 5325],42,80,800,5,20
9,168,9.0,[323.0, 750.0, 566.0, 528.0, 494.0, 573.0],[51121, 52904, 49337, 49932, 55282, 54687],[3709, 3396, 5018, 6222, 5140, 6628],42,80,800,5,20
9,169,10.0,[323.0, 750.0, 516.0, 531.0, 494.0, 573.0],[58424, 60462, 56386, 57065, 63179, 62499],[3709, 3396, 16736, 6286, 5140, 6628],42,80,800,5,20
9,170,11.0,[323.0, 750.0, 516.0, 531.0, 494.0, 573.0],[65727, 68020, 63434, 64198, 71077, 70312],[3709, 3396, 16736, 6286, 5140, 6628],42,80,800,5,20
9,171,12.0,[323.0, 750.0, 516.0, 531.0, 494.0, 573.0],[73030, 75577, 70482, 71331, 78974, 78124],[3709, 3396, 16736, 6286, 5140, 6628],42,80,800,5,20
9,172,13.0,[323.0, 750.0, 516.0, 531.0, 494.0, 573.0],[80333, 83135, 77530, 78464, 86872, 85937],[3709, 3396, 16736, 6286, 5140, 6628],42,80,800,5,20
9,173,14.0,[323.0, 750.0, 516.0, 531.0, 494.0, 573.0],[87636, 90693, 84579, 85598, 94769, 93749],[3709, 3396, 16736, 6286, 5140, 6628],42,80,800,5,20
9,174,15.0,[323.0, 750.0, 516.0, 531.0, 494.0, 573.0],[94939, 98251, 91627, 92731, 102666, 101562],[3709, 3396, 16736, 6286, 5140, 6628],42,80,800,5,20
9,175,16.0,[323.0, 750.0, 516.0, 531.0, 494.0, 573.0],[102242, 105808, 98675, 99864, 110564, 109374],[3709, 3396, 16736, 6286, 5140, 6628],42,80,800,5,20
9,176,17.0,[323.0, 750.0, 516.0, 531.0, 494.0, 573.0],[109545, 113366, 105723, 106997, 118461, 117187],[3709, 3396, 16736, 6286, 5140, 6628],42,80,800,5,20
9,177,18.0,[323.0, 750.0, 516.0, 531.0, 494.0, 573.0],[116848, 120924, 112772, 114130, 126359, 124999],[3709, 3396, 16736, 6286, 5140, 6628],42,80,800,5,20
9,178,19.0,[323.0, 750.0, 516.0, 531.0, 494.0, 573.0],[124151, 128482, 119820, 121263, 134256, 132812],[3709, 3396, 16736, 6286, 5140, 6628],42,80,800,5,20
9,179,20.0,[323.0, 750.0, 516.0, 531.0, 494.0, 573.0],[131454, 136040, 126868, 128397, 142154, 140624],[3709, 3396, 16736, 6286, 5140, 6628],42,80,800,5,20
9,180,21.0,[323.0, 750.0, 516.0, 531.0, 494.0, 573.0],[131454, 136040, 126868, 128397, 142154, 140624],[3709, 3396, 16736, 6286, 5140, 6628],42,80,800,5,20
10,181,2.0,[0.0, 0.0, 0.0, 0.0, 0.0, 0.0],[0, 0, 0, 0, 0, 0],[0, 0, 0, 0, 0, 0],42,80,800,5,20
10,182,3.0,[441.0, 345.0, 362.0, 253.0, 462.0, 104.0],[6963, 7642, 7982, 7303, 7303, 6878],[1144, 1320, 793, 1020, 720, 210],42,80,800,5,20
10,183,4.0,[441.0, 577.0, 702.0, 648.0, 710.0, 860.0],[13926, 15285, 15964, 14606, 14606, 13756],[1144, 5005, 4846, 4716, 3795, 3591],42,80,800,5,20
10,184,5.0,[428.0, 629.0, 714.0, 663.0, 732.0, 883.0],[20890, 22928, 23947, 21909, 21909, 20635],[1363, 5660, 5016, 4956, 3985, 3874],42,80,800,5,20
10,185,6.0,[428.0, 853.0, 714.0, 663.0, 1183.0, 883.0],[27853, 30570, 31929, 29212, 29212, 27513],[1363, 10826, 5016, 4956, 8818, 3874],42,80,800,5,20
10,186,7.0,[428.0, 921.0, 526.0, 581.0, 1256.0, 574.0],[34816, 38213, 39911, 36515, 36515, 34392],[1363, 14669, 8410, 6695, 12031, 7192],42,80,800,5,20
10,187,8.0,[407.0, 958.0, 522.0, 580.0, 1278.0, 561.0],[41780, 45856, 47894, 43818, 43818, 41270],[1465, 15649, 8767, 6933, 12381, 7528],42,80,800,5,20
10,188,9.0,[407.0, 1128.0, 530.0, 563.0, 1532.0, 562.0],[48743, 53498, 55876, 51121, 51121, 48149],[1465, 20248, 13016, 10706, 18086, 7570],42,80,800,5,20
10,189,10.0,[298.0, 1155.0, 529.0, 598.0, 1510.0, 606.0],[55706, 61141, 63858, 58424, 58424, 55027],[3594, 21261, 13054, 12061, 19859, 7862],42,80,800,5,20
10,190,11.0,[298.0, 1160.0, 529.0, 608.0, 1512.0, 606.0],[62670, 68784, 71841, 65727, 65727, 61905],[3594, 21468, 13054, 12211, 19982, 7862],42,80,800,5,20
10,191,12.0,[298.0, 1116.0, 620.0, 807.0, 1512.0, 606.0],[69633, 76426, 79823, 73030, 73030, 68784],[3594, 27786, 18157, 17989, 19982, 7862],42,80,800,5,20
10,192,13.0,[298.0, 1102.0, 625.0, 824.0, 1512.0, 606.0],[76596, 84069, 87806, 80333, 80333, 75662],[3594, 29319, 19396, 18871, 19982, 7862],42,80,800,5,20
10,193,14.0,[298.0, 1108.0, 641.0, 869.0, 1512.0, 606.0],[83560, 91712, 95788, 87636, 87636, 82541],[3594, 30579, 20593, 20046, 19982, 7862],42,80,800,5,20
10,194,15.0,[298.0, 1151.0, 700.0, 913.0, 1512.0, 606.0],[90523, 99354, 103770, 94939, 94939, 89419],[3594, 32763, 22475, 21398, 19982, 7862],42,80,800,5,20
10,195,16.0,[298.0, 944.0, 658.0, 913.0, 1512.0, 606.0],[97486, 106997, 111753, 102242, 102242, 96298],[3594, 46033, 38348, 21398, 19982, 7862],42,80,800,5,20
10,196,17.0,[298.0, 944.0, 655.0, 913.0, 1512.0, 606.0],[104450, 114640, 119735, 109545, 109545, 103176],[3594, 46033, 38888, 21398, 19982, 7862],42,80,800,5,20
10,197,18.0,[298.0, 944.0, 655.0, 913.0, 1512.0, 606.0],[111413, 122283, 127717, 116848, 116848, 110054],[3594, 46033, 38888, 21398, 19982, 7862],42,80,800,5,20
10,198,19.0,[298.0, 944.0, 655.0, 913.0, 1167.0, 606.0],[118376, 129925, 135700, 124151, 124151, 116933],[3594, 46033, 38888, 21398, 26624, 7862],42,80,800,5,20
10,199,20.0,[298.0, 944.0, 655.0, 913.0, 1167.0, 606.0],[125340, 137568, 143682, 131454, 131454, 123811],[3594, 46033, 38888, 21398, 26624, 7862],42,80,800,5,20
10,200,21.0,[298.0, 944.0, 655.0, 913.0, 1167.0, 606.0],[125340, 137568, 143682, 131454, 131454, 123811],[3594, 46033, 38888, 21398, 26624, 7862],42,80,800,5,20
1,1,2.0,[0.0, 0.0, 0.0, 0.0, 0.0, 0.0],[0, 0, 0, 0, 0, 0],[0, 0, 0, 0, 0, 0],42,80,800,5,20
1,2,3.0,[422.0, 385.0, 333.0, 180.0, 451.0, 281.0],[6793, 8067, 8406, 7472, 8491, 6878],[1083, 1020, 914, 641, 900, 600],42,80,800,5,20
1,3,4.0,[608.0, 394.0, 502.0, 180.0, 634.0, 460.0],[13586, 16134, 16813, 14945, 16983, 13756],[1962, 1041, 1481, 641, 2074, 1470],42,80,800,5,20
1,4,5.0,[831.0, 1482.0, 993.0, 180.0, 828.0, 642.0],[20380, 24201, 25220, 22418, 25475, 20635],[5049, 4632, 4421, 641, 3586, 4305],42,80,800,5,20
1,5,6.0,[531.0, 1482.0, 993.0, 180.0, 828.0, 642.0],[27173, 32269, 33627, 29891, 33967, 27513],[18441, 4632, 4421, 641, 3586, 4305],42,80,800,5,20
1,6,7.0,[531.0, 1482.0, 993.0, 180.0, 828.0, 642.0],[33967, 40336, 42034, 37364, 42459, 34392],[18441, 4632, 4421, 641, 3586, 4305],42,80,800,5,20
1,7,8.0,[389.0, 1482.0, 993.0, 180.0, 828.0, 634.0],[40760, 48403, 50441, 44837, 50951, 41270],[25175, 4632, 4421, 641, 3586, 4365],42,80,800,5,20
1,8,9.0,[331.0, 1285.0, 993.0, 180.0, 684.0, 575.0],[47554, 56471, 58848, 52309, 59442, 48149],[30032, 5418, 4421, 641, 4510, 4968],42,80,800,5,20
1,9,10.0,[331.0, 1285.0, 993.0, 180.0, 684.0, 575.0],[54347, 64538, 67255, 59782, 67934, 55027],[30032, 5418, 4421, 641, 4510, 4968],42,80,800,5,20
1,10,11.0,[331.0, 921.0, 993.0, 180.0, 527.0, 473.0],[61141, 72605, 75662, 67255, 76426, 61905],[30032, 8103, 4421, 641, 7118, 6929],42,80,800,5,20
1,11,12.0,[331.0, 902.0, 993.0, 180.0, 532.0, 479.0],[67934, 80673, 84069, 74728, 84918, 68784],[30032, 8439, 4421, 641, 7490, 7307],42,80,800,5,20
1,12,13.0,[331.0, 903.0, 993.0, 180.0, 570.0, 503.0],[74728, 88740, 92476, 82201, 93410, 75662],[30032, 8824, 4421, 641, 7938, 7748],42,80,800,5,20
1,13,14.0,[331.0, 903.0, 993.0, 180.0, 806.0, 579.0],[81521, 96807, 100883, 89674, 101902, 82541],[30032, 8824, 4421, 641, 9779, 9603],42,80,800,5,20
1,14,15.0,[331.0, 903.0, 993.0, 180.0, 806.0, 698.0],[88315, 104875, 109290, 97146, 110394, 89419],[30032, 8824, 4421, 641, 9779, 16911],42,80,800,5,20
1,15,16.0,[331.0, 903.0, 993.0, 180.0, 806.0, 658.0],[95108, 112942, 117697, 104619, 118885, 96298],[30032, 8824, 4421, 641, 9779, 22994],42,80,800,5,20
1,16,17.0,[331.0, 903.0, 993.0, 180.0, 806.0, 659.0],[101902, 121009, 126104, 112092, 127377, 103176],[30032, 8824, 4421, 641, 9779, 24268],42,80,800,5,20
1,17,18.0,[331.0, 903.0, 993.0, 180.0, 806.0, 659.0],[108695, 129077, 134511, 119565, 135869, 110054],[30032, 8824, 4421, 641, 9779, 24268],42,80,800,5,20
1,18,19.0,[331.0, 903.0, 993.0, 180.0, 806.0, 659.0],[115489, 137144, 142918, 127038, 144361, 116933],[30032, 8824, 4421, 641, 9779, 24268],42,80,800,5,20
1,19,20.0,[331.0, 903.0, 993.0, 180.0, 806.0, 659.0],[122282, 145211, 151325, 134511, 152853, 123811],[30032, 8824, 4421, 641, 9779, 24268],42,80,800,5,20
1,20,21.0,[331.0, 903.0, 993.0, 180.0, 806.0, 659.0],[122282, 145211, 151325, 134511, 152853, 123811],[30032, 8824, 4421, 641, 9779, 24268],42,80,800,5,20
2,21,2.0,[0.0, 0.0, 0.0, 0.0, 0.0, 0.0],[0, 0, 0, 0, 0, 0],[0, 0, 0, 0, 0, 0],42,80,800,5,20
2,22,3.0,[343.0, 263.0, 319.0, 348.0, 262.0, 396.0],[8152, 7727, 7133, 7727, 7982, 8237],[750, 480, 1276, 905, 720, 1024],42,80,800,5,20
2,23,4.0,[392.0, 263.0, 318.0, 348.0, 402.0, 394.0],[16304, 15455, 14266, 15455, 15964, 16474],[972, 480, 1357, 905, 888, 1039],42,80,800,5,20
2,24,5.0,[300.0, 263.0, 318.0, 348.0, 1222.0, 394.0],[24456, 23182, 21399, 23182, 23947, 24711],[4890, 480, 1357, 905, 5124, 1039],42,80,800,5,20
2,25,6.0,[230.0, 263.0, 318.0, 348.0, 1292.0, 394.0],[32608, 30910, 28532, 30910, 31929, 32948],[11421, 480, 1357, 905, 12495, 1039],42,80,800,5,20
2,26,7.0,[230.0, 263.0, 318.0, 348.0, 1292.0, 394.0],[40761, 38638, 35665, 38638, 39911, 41185],[11421, 480, 1357, 905, 12495, 1039],42,80,800,5,20
2,27,8.0,[196.0, 159.0, 318.0, 348.0, 1292.0, 394.0],[48913, 46365, 42799, 46365, 47894, 49422],[16332, 5629, 1357, 905, 12495, 1039],42,80,800,5,20
2,28,9.0,[196.0, 150.0, 318.0, 348.0, 1292.0, 394.0],[57065, 54093, 49932, 54093, 55876, 57659],[16332, 11107, 1357, 905, 12495, 1039],42,80,800,5,20
2,29,10.0,[196.0, 150.0, 318.0, 348.0, 1292.0, 394.0],[65217, 61820, 57065, 61820, 63858, 65896],[16332, 11107, 1357, 905, 12495, 1039],42,80,800,5,20
2,30,11.0,[196.0, 150.0, 318.0, 348.0, 1292.0, 394.0],[73369, 69548, 64198, 69548, 71841, 74133],[16332, 11107, 1357, 905, 12495, 1039],42,80,800,5,20
2,31,12.0,[196.0, 150.0, 318.0, 348.0, 1292.0, 394.0],[81522, 77276, 71331, 77276, 79823, 82370],[16332, 11107, 1357, 905, 12495, 1039],42,80,800,5,20
2,32,13.0,[196.0, 150.0, 641.0, 348.0, 1292.0, 394.0],[89674, 85003, 78464, 85003, 87806, 90608],[16332, 11107, 1411, 905, 12495, 1039],42,80,800,5,20
2,33,14.0,[196.0, 150.0, 641.0, 348.0, 1292.0, 394.0],[97826, 92731, 85598, 92731, 95788, 98845],[16332, 11107, 1411, 905, 12495, 1039],42,80,800,5,20
2,34,15.0,[196.0, 150.0, 641.0, 348.0, 1292.0, 394.0],[105978, 100459, 92731, 100459, 103770, 107082],[16332, 11107, 1411, 905, 12495, 1039],42,80,800,5,20
2,35,16.0,[196.0, 150.0, 641.0, 348.0, 1292.0, 394.0],[114131, 108186, 99864, 108186, 111753, 115319],[16332, 11107, 1411, 905, 12495, 1039],42,80,800,5,20
2,36,17.0,[196.0, 150.0, 641.0, 348.0, 1292.0, 394.0],[122283, 115914, 106997, 115914, 119735, 123556],[16332, 11107, 1411, 905, 12495, 1039],42,80,800,5,20
2,37,18.0,[196.0, 150.0, 641.0, 348.0, 1292.0, 394.0],[130435, 123641, 114130, 123641, 127717, 131793],[16332, 11107, 1411, 905, 12495, 1039],42,80,800,5,20
2,38,19.0,[196.0, 150.0, 641.0, 348.0, 1292.0, 394.0],[138587, 131369, 121263, 131369, 135700, 140030],[16332, 11107, 1411, 905, 12495, 1039],42,80,800,5,20
2,39,20.0,[196.0, 150.0, 641.0, 348.0, 1292.0, 394.0],[146739, 139097, 128397, 139097, 143682, 148267],[16332, 11107, 1411, 905, 12495, 1039],42,80,800,5,20
2,40,21.0,[196.0, 150.0, 641.0, 348.0, 1292.0, 394.0],[146739, 139097, 128397, 139097, 143682, 148267],[16332, 11107, 1411, 905, 12495, 1039],42,80,800,5,20
3,41,2.0,[0.0, 0.0, 0.0, 0.0, 0.0, 0.0],[0, 0, 0, 0, 0, 0],[0, 0, 0, 0, 0, 0],42,80,800,5,20
3,42,3.0,[338.0, 331.0, 362.0, 284.0, 473.0, 465.0],[6963, 7727, 6878, 7557, 7982, 6963],[893, 1444, 570, 900, 390, 990],42,80,800,5,20
3,43,4.0,[254.0, 365.0, 259.0, 188.0, 190.0, 465.0],[13926, 15455, 13756, 15115, 15964, 13926],[1379, 3126, 4743, 4638, 5359, 990],42,80,800,5,20
3,44,5.0,[254.0, 365.0, 259.0, 188.0, 190.0, 465.0],[20890, 23182, 20635, 22673, 23947, 20890],[1379, 3126, 4743, 4638, 5359, 990],42,80,800,5,20
3,45,6.0,[209.0, 344.0, 264.0, 186.0, 148.0, 465.0],[27853, 30910, 27513, 30231, 31929, 27853],[2453, 3551, 5357, 5604, 8484, 990],42,80,800,5,20
3,46,7.0,[208.0, 455.0, 299.0, 186.0, 226.0, 465.0],[34816, 38638, 34392, 37788, 39911, 34816],[4784, 6008, 8612, 5604, 10375, 990],42,80,800,5,20
3,47,8.0,[264.0, 474.0, 340.0, 186.0, 245.0, 465.0],[41780, 46365, 41270, 45346, 47894, 41780],[5204, 6813, 9312, 5604, 10872, 990],42,80,800,5,20
3,48,9.0,[283.0, 600.0, 438.0, 186.0, 323.0, 465.0],[48743, 54093, 48149, 52904, 55876, 48743],[5402, 8375, 10434, 5604, 11887, 990],42,80,800,5,20
3,49,10.0,[844.0, 797.0, 705.0, 186.0, 589.0, 465.0],[55706, 61820, 55027, 60462, 63858, 55706],[9245, 10455, 13921, 5604, 16465, 990],42,80,800,5,20
3,50,11.0,[858.0, 784.0, 760.0, 186.0, 618.0, 465.0],[62670, 69548, 61905, 68020, 71841, 62670],[9630, 10807, 14548, 5604, 16927, 990],42,80,800,5,20
3,51,12.0,[950.0, 791.0, 760.0, 186.0, 775.0, 465.0],[69633, 77276, 68784, 75577, 79823, 69633],[11411, 12535, 14548, 5604, 18953, 990],42,80,800,5,20
3,52,13.0,[895.0, 799.0, 760.0, 186.0, 906.0, 465.0],[76596, 85003, 75662, 83135, 87806, 76596],[13910, 16966, 14548, 5604, 22313, 990],42,80,800,5,20
3,53,14.0,[845.0, 844.0, 760.0, 186.0, 953.0, 465.0],[83560, 92731, 82541, 90693, 95788, 83560],[16724, 19801, 14548, 5604, 25253, 990],42,80,800,5,20
3,54,15.0,[832.0, 892.0, 760.0, 186.0, 989.0, 465.0],[90523, 100459, 89419, 98251, 103770, 90523],[18308, 21773, 14548, 5604, 26766, 990],42,80,800,5,20
3,55,16.0,[609.0, 892.0, 760.0, 186.0, 1028.0, 465.0],[97486, 108186, 96298, 105808, 111753, 97486],[28627, 21773, 14548, 5604, 39618, 990],42,80,800,5,20
3,56,17.0,[569.0, 892.0, 760.0, 186.0, 1028.0, 264.0],[104450, 115914, 103176, 113366, 119735, 104450],[31839, 21773, 14548, 5604, 39618, 3473],42,80,800,5,20
3,57,18.0,[569.0, 892.0, 760.0, 186.0, 1028.0, 264.0],[111413, 123641, 110054, 120924, 127717, 111413],[31839, 21773, 14548, 5604, 39618, 3473],42,80,800,5,20
3,58,19.0,[569.0, 892.0, 760.0, 186.0, 1028.0, 264.0],[118376, 131369, 116933, 128482, 135700, 118376],[31839, 21773, 14548, 5604, 39618, 3473],42,80,800,5,20
3,59,20.0,[569.0, 892.0, 760.0, 186.0, 1028.0, 260.0],[125340, 139097, 123811, 136040, 143682, 125340],[31839, 21773, 14548, 5604, 39618, 4486],42,80,800,5,20
3,60,21.0,[569.0, 892.0, 760.0, 186.0, 1028.0, 260.0],[125340, 139097, 123811, 136040, 143682, 125340],[31839, 21773, 14548, 5604, 39618, 4486],42,80,800,5,20
4,61,2.0,[0.0, 0.0, 0.0, 0.0, 0.0, 0.0],[0, 0, 0, 0, 0, 0],[0, 0, 0, 0, 0, 0],42,80,800,5,20
4,62,3.0,[362.0, 197.0, 380.0, 380.0, 255.0, 342.0],[7727, 7303, 7133, 8152, 8322, 6878],[840, 1108, 701, 390, 930, 1200],42,80,800,5,20
4,63,4.0,[411.0, 197.0, 453.0, 380.0, 247.0, 342.0],[15455, 14606, 14266, 16304, 16644, 13756],[3092, 1108, 1270, 390, 1578, 1200],42,80,800,5,20
4,64,5.0,[493.0, 197.0, 651.0, 331.0, 247.0, 355.0],[23182, 21909, 21399, 24456, 24966, 20635],[3820, 1108, 2068, 796, 1578, 1662],42,80,800,5,20
4,65,6.0,[493.0, 197.0, 983.0, 543.0, 247.0, 355.0],[30910, 29212, 28532, 32608, 33288, 27513],[3820, 1108, 6919, 6547, 1578, 1662],42,80,800,5,20
4,66,7.0,[493.0, 197.0, 1066.0, 616.0, 247.0, 327.0],[38638, 36515, 35665, 40761, 41610, 34392],[3820, 1108, 9264, 8467, 1578, 2910],42,80,800,5,20
4,67,8.0,[493.0, 197.0, 1066.0, 616.0, 247.0, 327.0],[46365, 43818, 42799, 48913, 49932, 41270],[3820, 1108, 9264, 8467, 1578, 2910],42,80,800,5,20
4,68,9.0,[493.0, 197.0, 1066.0, 616.0, 247.0, 327.0],[54093, 51121, 49932, 57065, 58254, 48149],[3820, 1108, 9264, 8467, 1578, 2910],42,80,800,5,20
4,69,10.0,[493.0, 197.0, 1066.0, 616.0, 247.0, 327.0],[61820, 58424, 57065, 65217, 66576, 55027],[3820, 1108, 9264, 8467, 1578, 2910],42,80,800,5,20
4,70,11.0,[493.0, 197.0, 1066.0, 604.0, 247.0, 305.0],[69548, 65727, 64198, 73369, 74898, 61905],[3820, 1108, 9264, 8740, 1578, 3396],42,80,800,5,20
4,71,12.0,[493.0, 197.0, 1066.0, 604.0, 247.0, 345.0],[77276, 73030, 71331, 81522, 83220, 68784],[3820, 1108, 9264, 8740, 1578, 8900],42,80,800,5,20
4,72,13.0,[493.0, 197.0, 1066.0, 604.0, 247.0, 345.0],[85003, 80333, 78464, 89674, 91542, 75662],[3820, 1108, 9264, 8740, 1578, 8900],42,80,800,5,20
4,73,14.0,[493.0, 197.0, 1066.0, 604.0, 247.0, 345.0],[92731, 87636, 85598, 97826, 99864, 82541],[3820, 1108, 9264, 8740, 1578, 8900],42,80,800,5,20
4,74,15.0,[493.0, 197.0, 1066.0, 604.0, 247.0, 345.0],[100459, 94939, 92731, 105978, 108186, 89419],[3820, 1108, 9264, 8740, 1578, 8900],42,80,800,5,20
4,75,16.0,[493.0, 197.0, 1066.0, 604.0, 247.0, 345.0],[108186, 102242, 99864, 114131, 116508, 96298],[3820, 1108, 9264, 8740, 1578, 8900],42,80,800,5,20
4,76,17.0,[493.0, 197.0, 1066.0, 604.0, 247.0, 345.0],[115914, 109545, 106997, 122283, 124830, 103176],[3820, 1108, 9264, 8740, 1578, 8900],42,80,800,5,20
4,77,18.0,[493.0, 197.0, 1066.0, 604.0, 247.0, 345.0],[123641, 116848, 114130, 130435, 133152, 110054],[3820, 1108, 9264, 8740, 1578, 8900],42,80,800,5,20
4,78,19.0,[493.0, 197.0, 1066.0, 604.0, 247.0, 345.0],[131369, 124151, 121263, 138587, 141474, 116933],[3820, 1108, 9264, 8740, 1578, 8900],42,80,800,5,20
4,79,20.0,[493.0, 197.0, 1066.0, 604.0, 247.0, 345.0],[139097, 131454, 128397, 146739, 149796, 123811],[3820, 1108, 9264, 8740, 1578, 8900],42,80,800,5,20
4,80,21.0,[493.0, 197.0, 1066.0, 604.0, 247.0, 345.0],[139097, 131454, 128397, 146739, 149796, 123811],[3820, 1108, 9264, 8740, 1578, 8900],42,80,800,5,20
5,81,2.0,[0.0, 0.0, 0.0, 0.0, 0.0, 0.0],[0, 0, 0, 0, 0, 0],[0, 0, 0, 0, 0, 0],42,80,800,5,20
5,82,3.0,[400.0, 534.0, 323.0, 325.0, 338.0, 291.0],[6963, 7727, 7218, 8322, 7982, 7387],[1114, 330, 904, 570, 1223, 1048],42,80,800,5,20
5,83,4.0,[433.0, 644.0, 323.0, 327.0, 350.0, 416.0],[13926, 15455, 14436, 16644, 15964, 14775],[1204, 492, 904, 573, 1274, 1246],42,80,800,5,20
5,84,5.0,[890.0, 995.0, 323.0, 1306.0, 1043.0, 784.0],[20890, 23182, 21654, 24966, 23947, 22163],[3499, 2991, 904, 2506, 3826, 3334],42,80,800,5,20
5,85,6.0,[950.0, 1032.0, 323.0, 1295.0, 1079.0, 804.0],[27853, 30910, 28872, 33288, 31929, 29551],[3842, 3180, 904, 2713, 4050, 3460],42,80,800,5,20
5,86,7.0,[1267.0, 1454.0, 323.0, 1295.0, 1349.0, 1189.0],[34816, 38638, 36090, 41610, 39911, 36939],[5837, 5007, 904, 2713, 5681, 5903],42,80,800,5,20
5,87,8.0,[1391.0, 1445.0, 323.0, 1295.0, 1347.0, 1233.0],[41780, 46365, 43308, 49932, 47894, 44327],[9512, 6267, 904, 2713, 9902, 8864],42,80,800,5,20
5,88,9.0,[1391.0, 1438.0, 323.0, 1295.0, 1252.0, 1213.0],[48743, 54093, 50526, 58254, 55876, 51715],[9512, 9438, 904, 2713, 12758, 12581],42,80,800,5,20
5,89,10.0,[1391.0, 1468.0, 323.0, 1295.0, 1259.0, 1213.0],[55706, 61820, 57744, 66576, 63858, 59103],[9512, 10934, 904, 2713, 15131, 12581],42,80,800,5,20
5,90,11.0,[1391.0, 1370.0, 323.0, 1295.0, 1259.0, 1213.0],[62670, 69548, 64962, 74898, 71841, 66491],[9512, 21519, 904, 2713, 15131, 12581],42,80,800,5,20
5,91,12.0,[1391.0, 1078.0, 323.0, 1295.0, 1259.0, 1213.0],[69633, 77276, 72180, 83220, 79823, 73879],[9512, 29268, 904, 2713, 15131, 12581],42,80,800,5,20
5,92,13.0,[1391.0, 1078.0, 323.0, 1295.0, 1259.0, 1213.0],[76596, 85003, 79398, 91542, 87806, 81267],[9512, 29268, 904, 2713, 15131, 12581],42,80,800,5,20
5,93,14.0,[1391.0, 1078.0, 323.0, 1295.0, 1259.0, 1213.0],[83560, 92731, 86616, 99864, 95788, 88655],[9512, 29268, 904, 2713, 15131, 12581],42,80,800,5,20
5,94,15.0,[1391.0, 1078.0, 323.0, 1295.0, 1259.0, 1213.0],[90523, 100459, 93835, 108186, 103770, 96043],[9512, 29268, 904, 2713, 15131, 12581],42,80,800,5,20
5,95,16.0,[1391.0, 1078.0, 323.0, 1295.0, 1259.0, 1213.0],[97486, 108186, 101053, 116508, 111753, 103430],[9512, 29268, 904, 2713, 15131, 12581],42,80,800,5,20
5,96,17.0,[1391.0, 1078.0, 323.0, 1295.0, 1259.0, 1213.0],[104450, 115914, 108271, 124830, 119735, 110818],[9512, 29268, 904, 2713, 15131, 12581],42,80,800,5,20
5,97,18.0,[1391.0, 1078.0, 323.0, 1295.0, 1259.0, 1213.0],[111413, 123641, 115489, 133152, 127717, 118206],[9512, 29268, 904, 2713, 15131, 12581],42,80,800,5,20
5,98,19.0,[1391.0, 1078.0, 323.0, 1295.0, 1259.0, 1213.0],[118376, 131369, 122707, 141474, 135700, 125594],[9512, 29268, 904, 2713, 15131, 12581],42,80,800,5,20
5,99,20.0,[1391.0, 1078.0, 323.0, 1295.0, 1259.0, 1213.0],[125340, 139097, 129925, 149796, 143682, 132982],[9512, 29268, 904, 2713, 15131, 12581],42,80,800,5,20
5,100,21.0,[1391.0, 1078.0, 323.0, 1295.0, 1259.0, 1213.0],[125340, 139097, 129925, 149796, 143682, 132982],[9512, 29268, 904, 2713, 15131, 12581],42,80,800,5,20
6,101,2.0,[0.0, 0.0, 0.0, 0.0, 0.0, 0.0],[0, 0, 0, 0, 0, 0],[0, 0, 0, 0, 0, 0],42,80,800,5,20
6,102,3.0,[-2147483648.0, 473.0, 344.0, 397.0, 387.0, 295.0],[8322, 6963, 8406, 6793, 7218, 8491],[0, 810, 1129, 1140, 1234, 874],42,80,800,5,20
6,103,4.0,[-2147483648.0, 496.0, 344.0, 536.0, 407.0, 537.0],[16644, 13926, 16813, 13586, 14436, 16983],[0, 901, 1129, 1525, 1549, 1294],42,80,800,5,20
6,104,5.0,[-2147483648.0, 674.0, 344.0, 536.0, 513.0, 537.0],[24966, 20890, 25220, 20380, 21654, 25475],[0, 1123, 1129, 1525, 1837, 1294],42,80,800,5,20
6,105,6.0,[-2147483648.0, 674.0, 344.0, 1032.0, 513.0, 537.0],[33288, 27853, 33627, 27173, 28872, 33967],[0, 1123, 1129, 13069, 1837, 1294],42,80,800,5,20
6,106,7.0,[-2147483648.0, 126.0, 344.0, 1032.0, 551.0, 537.0],[41610, 34816, 42034, 33967, 36090, 42459],[0, 6964, 1129, 13069, 11308, 1294],42,80,800,5,20
6,107,8.0,[-2147483648.0, 126.0, 344.0, 1032.0, 487.0, 537.0],[49932, 41780, 50441, 40760, 43308, 50951],[0, 6964, 1129, 13069, 14591, 1294],42,80,800,5,20
6,108,9.0,[-2147483648.0, 126.0, 344.0, 1032.0, 487.0, 537.0],[58254, 48743, 58848, 47554, 50526, 59442],[0, 6964, 1129, 13069, 14591, 1294],42,80,800,5,20
6,109,10.0,[-2147483648.0, 126.0, 344.0, 1032.0, 487.0, 537.0],[66576, 55706, 67255, 54347, 57744, 67934],[0, 6964, 1129, 13069, 14591, 1294],42,80,800,5,20
6,110,11.0,[-2147483648.0, 126.0, 344.0, 1032.0, 487.0, 537.0],[74898, 62670, 75662, 61141, 64962, 76426],[0, 6964, 1129, 13069, 14591, 1294],42,80,800,5,20
6,111,12.0,[-2147483648.0, 126.0, 344.0, 1032.0, 487.0, 537.0],[83220, 69633, 84069, 67934, 72180, 84918],[0, 6964, 1129, 13069, 14591, 1294],42,80,800,5,20
6,112,13.0,[-2147483648.0, 126.0, 344.0, 1032.0, 487.0, 537.0],[91542, 76596, 92476, 74728, 79398, 93410],[0, 6964, 1129, 13069, 14591, 1294],42,80,800,5,20
6,113,14.0,[-2147483648.0, 126.0, 344.0, 1032.0, 487.0, 537.0],[99864, 83560, 100883, 81521, 86616, 101902],[0, 6964, 1129, 13069, 14591, 1294],42,80,800,5,20
6,114,15.0,[-2147483648.0, 126.0, 344.0, 1032.0, 487.0, 537.0],[108186, 90523, 109290, 88315, 93835, 110394],[0, 6964, 1129, 13069, 14591, 1294],42,80,800,5,20
6,115,16.0,[-2147483648.0, 126.0, 344.0, 1032.0, 487.0, 537.0],[116508, 97486, 117697, 95108, 101053, 118885],[0, 6964, 1129, 13069, 14591, 1294],42,80,800,5,20
6,116,17.0,[-2147483648.0, 126.0, 344.0, 1032.0, 487.0, 537.0],[124830, 104450, 126104, 101902, 108271, 127377],[0, 6964, 1129, 13069, 14591, 1294],42,80,800,5,20
6,117,18.0,[-2147483648.0, 126.0, 344.0, 1032.0, 487.0, 537.0],[133152, 111413, 134511, 108695, 115489, 135869],[0, 6964, 1129, 13069, 14591, 1294],42,80,800,5,20
6,118,19.0,[-2147483648.0, 126.0, 344.0, 1032.0, 487.0, 537.0],[141474, 118376, 142918, 115489, 122707, 144361],[0, 6964, 1129, 13069, 14591, 1294],42,80,800,5,20
6,119,20.0,[-2147483648.0, 126.0, 344.0, 1032.0, 487.0, 537.0],[149796, 125340, 151325, 122282, 129925, 152853],[0, 6964, 1129, 13069, 14591, 1294],42,80,800,5,20
6,120,21.0,[-2147483648.0, 126.0, 344.0, 1032.0, 487.0, 537.0],[149796, 125340, 151325, 122282, 129925, 152853],[0, 6964, 1129, 13069, 14591, 1294],42,80,800,5,20
7,121,2.0,[0.0, 0.0, 0.0, 0.0, 0.0, 0.0],[0, 0, 0, 0, 0, 0],[0, 0, 0, 0, 0, 0],42,80,800,5,20
7,122,3.0,[451.0, 504.0, 396.0, 338.0, 227.0, 352.0],[8322, 6963, 7303, 7133, 8067, 7048],[870, 600, 574, 1080, 754, 1279],42,80,800,5,20
7,123,4.0,[641.0, 679.0, 514.0, 549.0, 227.0, 557.0],[16644, 13926, 14606, 14266, 16134, 14096],[1276, 1118, 805, 1612, 754, 1965],42,80,800,5,20
7,124,5.0,[823.0, 679.0, 826.0, 778.0, 227.0, 954.0],[24966, 20890, 21909, 21399, 24201, 21144],[6211, 1118, 3195, 6946, 754, 6837],42,80,800,5,20
7,125,6.0,[811.0, 679.0, 826.0, 787.0, 227.0, 958.0],[33288, 27853, 29212, 28532, 32269, 28193],[6379, 1118, 3195, 7069, 754, 7101],42,80,800,5,20
7,126,7.0,[818.0, 679.0, 826.0, 787.0, 227.0, 958.0],[41610, 34816, 36515, 35665, 40336, 35241],[7438, 1118, 3195, 7069, 754, 7101],42,80,800,5,20
7,127,8.0,[842.0, 679.0, 826.0, 787.0, 405.0, 1190.0],[49932, 41780, 43818, 42799, 48403, 42289],[7732, 1118, 3195, 7069, 784, 8469],42,80,800,5,20
7,128,9.0,[842.0, 679.0, 826.0, 787.0, 405.0, 1387.0],[58254, 48743, 51121, 49932, 56471, 49337],[7732, 1118, 3195, 7069, 784, 15020],42,80,800,5,20
7,129,10.0,[842.0, 679.0, 826.0, 787.0, 405.0, 1073.0],[66576, 55706, 58424, 57065, 64538, 56386],[7732, 1118, 3195, 7069, 784, 25457],42,80,800,5,20
7,130,11.0,[842.0, 679.0, 826.0, 787.0, 405.0, 1073.0],[74898, 62670, 65727, 64198, 72605, 63434],[7732, 1118, 3195, 7069, 784, 25457],42,80,800,5,20
7,131,12.0,[842.0, 679.0, 826.0, 787.0, 405.0, 1073.0],[83220, 69633, 73030, 71331, 80673, 70482],[7732, 1118, 3195, 7069, 784, 25457],42,80,800,5,20
7,132,13.0,[842.0, 679.0, 826.0, 787.0, 405.0, 1073.0],[91542, 76596, 80333, 78464, 88740, 77530],[7732, 1118, 3195, 7069, 784, 25457],42,80,800,5,20
7,133,14.0,[842.0, 679.0, 826.0, 787.0, 405.0, 1073.0],[99864, 83560, 87636, 85598, 96807, 84579],[7732, 1118, 3195, 7069, 784, 25457],42,80,800,5,20
7,134,15.0,[842.0, 679.0, 826.0, 787.0, 405.0, 1073.0],[108186, 90523, 94939, 92731, 104875, 91627],[7732, 1118, 3195, 7069, 784, 25457],42,80,800,5,20
7,135,16.0,[842.0, 679.0, 826.0, 787.0, 405.0, 1073.0],[116508, 97486, 102242, 99864, 112942, 98675],[7732, 1118, 3195, 7069, 784, 25457],42,80,800,5,20
7,136,17.0,[842.0, 679.0, 826.0, 787.0, 385.0, 1073.0],[124830, 104450, 109545, 106997, 121009, 105723],[7732, 1118, 3195, 7069, 848, 25457],42,80,800,5,20
7,137,18.0,[842.0, 679.0, 826.0, 787.0, 385.0, 1073.0],[133152, 111413, 116848, 114130, 129077, 112772],[7732, 1118, 3195, 7069, 848, 25457],42,80,800,5,20
7,138,19.0,[842.0, 679.0, 826.0, 787.0, 385.0, 1073.0],[141474, 118376, 124151, 121263, 137144, 119820],[7732, 1118, 3195, 7069, 848, 25457],42,80,800,5,20
7,139,20.0,[842.0, 679.0, 826.0, 787.0, 385.0, 1073.0],[149796, 125340, 131454, 128397, 145211, 126868],[7732, 1118, 3195, 7069, 848, 25457],42,80,800,5,20
7,140,21.0,[842.0, 679.0, 826.0, 787.0, 385.0, 1073.0],[149796, 125340, 131454, 128397, 145211, 126868],[7732, 1118, 3195, 7069, 848, 25457],42,80,800,5,20
8,141,2.0,[0.0, 0.0, 0.0, 0.0, 0.0, 0.0],[0, 0, 0, 0, 0, 0],[0, 0, 0, 0, 0, 0],42,80,800,5,20
8,142,3.0,[306.0, 407.0, 333.0, 140.0, 310.0, 472.0],[6963, 8152, 7472, 8152, 7982, 8067],[960, 1200, 634, 270, 1225, 870],42,80,800,5,20
8,143,4.0,[523.0, 379.0, 393.0, 530.0, 528.0, 258.0],[13926, 16304, 14945, 16304, 15964, 16134],[7029, 6795, 6397, 5055, 5056, 6141],42,80,800,5,20
8,144,5.0,[525.0, 381.0, 395.0, 532.0, 548.0, 265.0],[20890, 24456, 22418, 24456, 23947, 24201],[7212, 6831, 6430, 5085, 5218, 6291],42,80,800,5,20
8,145,6.0,[525.0, 465.0, 440.0, 729.0, 644.0, 357.0],[27853, 32608, 29891, 32608, 31929, 32269],[7212, 7300, 7545, 6076, 6093, 7291],42,80,800,5,20
8,146,7.0,[525.0, 435.0, 417.0, 729.0, 829.0, 361.0],[34816, 40761, 37364, 40761, 39911, 40336],[7212, 9139, 9925, 6076, 7701, 7330],42,80,800,5,20
8,147,8.0,[525.0, 565.0, 417.0, 729.0, 987.0, 361.0],[41780, 48913, 44837, 48913, 47894, 48403],[7212, 11917, 9925, 6076, 11792, 7330],42,80,800,5,20
8,148,9.0,[525.0, 686.0, 417.0, 729.0, 1011.0, 361.0],[48743, 57065, 52309, 57065, 55876, 56471],[7212, 15233, 9925, 6076, 15085, 7330],42,80,800,5,20
8,149,10.0,[525.0, 758.0, 417.0, 729.0, 1059.0, 361.0],[55706, 65217, 59782, 65217, 63858, 64538],[7212, 16962, 9925, 6076, 16649, 7330],42,80,800,5,20
8,150,11.0,[525.0, 882.0, 417.0, 729.0, 1059.0, 361.0],[62670, 73369, 67255, 73369, 71841, 72605],[7212, 19158, 9925, 6076, 16649, 7330],42,80,800,5,20
8,151,12.0,[525.0, 882.0, 417.0, 729.0, 1059.0, 361.0],[69633, 81522, 74728, 81522, 79823, 80673],[7212, 19158, 9925, 6076, 16649, 7330],42,80,800,5,20
8,152,13.0,[525.0, 882.0, 417.0, 729.0, 1059.0, 361.0],[76596, 89674, 82201, 89674, 87806, 88740],[7212, 19158, 9925, 6076, 16649, 7330],42,80,800,5,20
8,153,14.0,[525.0, 882.0, 417.0, 729.0, 1059.0, 361.0],[83560, 97826, 89674, 97826, 95788, 96807],[7212, 19158, 9925, 6076, 16649, 7330],42,80,800,5,20
8,154,15.0,[525.0, 882.0, 417.0, 729.0, 1059.0, 361.0],[90523, 105978, 97146, 105978, 103770, 104875],[7212, 19158, 9925, 6076, 16649, 7330],42,80,800,5,20
8,155,16.0,[525.0, 882.0, 417.0, 729.0, 1059.0, 361.0],[97486, 114131, 104619, 114131, 111753, 112942],[7212, 19158, 9925, 6076, 16649, 7330],42,80,800,5,20
8,156,17.0,[525.0, 882.0, 417.0, 729.0, 1059.0, 361.0],[104450, 122283, 112092, 122283, 119735, 121009],[7212, 19158, 9925, 6076, 16649, 7330],42,80,800,5,20
8,157,18.0,[525.0, 882.0, 417.0, 729.0, 1059.0, 361.0],[111413, 130435, 119565, 130435, 127717, 129077],[7212, 19158, 9925, 6076, 16649, 7330],42,80,800,5,20
8,158,19.0,[525.0, 882.0, 417.0, 729.0, 1059.0, 361.0],[118376, 138587, 127038, 138587, 135700, 137144],[7212, 19158, 9925, 6076, 16649, 7330],42,80,800,5,20
8,159,20.0,[525.0, 882.0, 417.0, 729.0, 1059.0, 361.0],[125340, 146739, 134511, 146739, 143682, 145211],[7212, 19158, 9925, 6076, 16649, 7330],42,80,800,5,20
8,160,21.0,[525.0, 882.0, 417.0, 729.0, 1059.0, 361.0],[125340, 146739, 134511, 146739, 143682, 145211],[7212, 19158, 9925, 6076, 16649, 7330],42,80,800,5,20
9,161,2.0,[0.0, 0.0, 0.0, 0.0, 0.0, 0.0],[0, 0, 0, 0, 0, 0],[0, 0, 0, 0, 0, 0],42,80,800,5,20
9,162,3.0,[385.0, 420.0, 377.0, 321.0, 431.0, 376.0],[7642, 7218, 7812, 8067, 7982, 7048],[754, 840, 780, 1248, 724, 844],42,80,800,5,20
9,163,4.0,[425.0, 56.0, 677.0, 418.0, 377.0, 376.0],[15285, 14436, 15624, 16134, 15964, 14096],[8503, 7808, 8151, 4398, 8956, 844],42,80,800,5,20
9,164,5.0,[454.0, 125.0, 679.0, 418.0, 376.0, 376.0],[22928, 21654, 23437, 24201, 23947, 21144],[10052, 10108, 9692, 4398, 10149, 844],42,80,800,5,20
9,165,6.0,[454.0, 191.0, 586.0, 418.0, 326.0, 376.0],[30570, 28872, 31249, 32269, 31929, 28193],[10052, 11923, 13136, 4398, 13967, 844],42,80,800,5,20
9,166,7.0,[454.0, 204.0, 587.0, 418.0, 339.0, 376.0],[38213, 36090, 39062, 40336, 39911, 35241],[10052, 12226, 13367, 4398, 14463, 844],42,80,800,5,20
9,167,8.0,[454.0, 251.0, 593.0, 418.0, 376.0, 376.0],[45856, 43308, 46874, 48403, 47894, 42289],[10052, 13021, 14135, 4398, 15150, 844],42,80,800,5,20
9,168,9.0,[454.0, 250.0, 624.0, 418.0, 429.0, 376.0],[53498, 50526, 54687, 56471, 55876, 49337],[10052, 13318, 15081, 4398, 15821, 844],42,80,800,5,20
9,169,10.0,[454.0, 263.0, 672.0, 418.0, 428.0, 376.0],[61141, 57744, 62499, 64538, 63858, 56386],[10052, 14374, 15945, 4398, 16119, 844],42,80,800,5,20
9,170,11.0,[454.0, 345.0, 829.0, 418.0, 413.0, 376.0],[68784, 64962, 70312, 72605, 71841, 63434],[10052, 17629, 18423, 4398, 18441, 844],42,80,800,5,20
9,171,12.0,[454.0, 391.0, 965.0, 418.0, 435.0, 376.0],[76426, 72180, 78124, 80673, 79823, 70482],[10052, 20002, 21699, 4398, 20856, 844],42,80,800,5,20
9,172,13.0,[454.0, 447.0, 1043.0, 418.0, 435.0, 376.0],[84069, 79398, 85937, 88740, 87806, 77530],[10052, 22571, 24611, 4398, 20856, 844],42,80,800,5,20
9,173,14.0,[454.0, 531.0, 1043.0, 418.0, 435.0, 376.0],[91712, 86616, 93749, 96807, 95788, 84579],[10052, 32189, 24611, 4398, 20856, 844],42,80,800,5,20
9,174,15.0,[454.0, 511.0, 1043.0, 418.0, 435.0, 376.0],[99354, 93835, 101562, 104875, 103770, 91627],[10052, 37282, 24611, 4398, 20856, 844],42,80,800,5,20
9,175,16.0,[454.0, 498.0, 1043.0, 418.0, 435.0, 376.0],[106997, 101053, 109374, 112942, 111753, 98675],[10052, 42162, 24611, 4398, 20856, 844],42,80,800,5,20
9,176,17.0,[454.0, 498.0, 1043.0, 418.0, 435.0, 376.0],[114640, 108271, 117187, 121009, 119735, 105723],[10052, 42162, 24611, 4398, 20856, 844],42,80,800,5,20
9,177,18.0,[454.0, 498.0, 1043.0, 418.0, 435.0, 376.0],[122283, 115489, 124999, 129077, 127717, 112772],[10052, 42162, 24611, 4398, 20856, 844],42,80,800,5,20
9,178,19.0,[454.0, 498.0, 1043.0, 418.0, 435.0, 376.0],[129925, 122707, 132812, 137144, 135700, 119820],[10052, 42162, 24611, 4398, 20856, 844],42,80,800,5,20
9,179,20.0,[454.0, 498.0, 1043.0, 418.0, 435.0, 376.0],[137568, 129925, 140624, 145211, 143682, 126868],[10052, 42162, 24611, 4398, 20856, 844],42,80,800,5,20
9,180,21.0,[454.0, 498.0, 1043.0, 418.0, 435.0, 376.0],[137568, 129925, 140624, 145211, 143682, 126868],[10052, 42162, 24611, 4398, 20856, 844],42,80,800,5,20
10,181,2.0,[0.0, 0.0, 0.0, 0.0, 0.0, 0.0],[0, 0, 0, 0, 0, 0],[0, 0, 0, 0, 0, 0],42,80,800,5,20
10,182,3.0,[216.0, 464.0, 355.0, 354.0, -2147483648.0, 349.0],[6793, 7727, 7133, 6963, 8406, 8322],[600, 998, 1482, 930, 0, 1200],42,80,800,5,20
10,183,4.0,[216.0, 800.0, 594.0, 620.0, -2147483648.0, 426.0],[13586, 15455, 14266, 13926, 16813, 16644],[600, 2455, 3063, 2480, 0, 2006],42,80,800,5,20
10,184,5.0,[216.0, 831.0, 628.0, 667.0, -2147483648.0, 426.0],[20380, 23182, 21399, 20890, 25220, 24966],[600, 3213, 3412, 3250, 0, 2006],42,80,800,5,20
10,185,6.0,[216.0, 1038.0, 628.0, 667.0, -2147483648.0, 426.0],[27173, 30910, 28532, 27853, 33627, 33288],[600, 8029, 3412, 3250, 0, 2006],42,80,800,5,20
10,186,7.0,[216.0, 1038.0, 628.0, 1202.0, -2147483648.0, 426.0],[33967, 38638, 35665, 34816, 42034, 41610],[600, 8029, 3412, 5133, 0, 2006],42,80,800,5,20
10,187,8.0,[216.0, 1038.0, 628.0, 814.0, -2147483648.0, 426.0],[40760, 46365, 42799, 41780, 50441, 49932],[600, 8029, 3412, 19975, 0, 2006],42,80,800,5,20
10,188,9.0,[216.0, 1038.0, 628.0, 793.0, -2147483648.0, 426.0],[47554, 54093, 49932, 48743, 58848, 58254],[600, 8029, 3412, 21065, 0, 2006],42,80,800,5,20
10,189,10.0,[216.0, 1038.0, 628.0, 793.0, -2147483648.0, 426.0],[54347, 61820, 57065, 55706, 67255, 66576],[600, 8029, 3412, 21065, 0, 2006],42,80,800,5,20
10,190,11.0,[216.0, 1038.0, 628.0, 793.0, -2147483648.0, 426.0],[61141, 69548, 64198, 62670, 75662, 74898],[600, 8029, 3412, 21065, 0, 2006],42,80,800,5,20
10,191,12.0,[216.0, 1038.0, 628.0, 793.0, -2147483648.0, 426.0],[67934, 77276, 71331, 69633, 84069, 83220],[600, 8029, 3412, 21065, 0, 2006],42,80,800,5,20
10,192,13.0,[216.0, 1038.0, 628.0, 793.0, -2147483648.0, 426.0],[74728, 85003, 78464, 76596, 92476, 91542],[600, 8029, 3412, 21065, 0, 2006],42,80,800,5,20
10,193,14.0,[216.0, 1038.0, 628.0, 793.0, -2147483648.0, 426.0],[81521, 92731, 85598, 83560, 100883, 99864],[600, 8029, 3412, 21065, 0, 2006],42,80,800,5,20
10,194,15.0,[216.0, 1038.0, 628.0, 793.0, -2147483648.0, 426.0],[88315, 100459, 92731, 90523, 109290, 108186],[600, 8029, 3412, 21065, 0, 2006],42,80,800,5,20
10,195,16.0,[216.0, 1038.0, 628.0, 793.0, -2147483648.0, 426.0],[95108, 108186, 99864, 97486, 117697, 116508],[600, 8029, 3412, 21065, 0, 2006],42,80,800,5,20
10,196,17.0,[216.0, 1038.0, 628.0, 793.0, -2147483648.0, 426.0],[101902, 115914, 106997, 104450, 126104, 124830],[600, 8029, 3412, 21065, 0, 2006],42,80,800,5,20
10,197,18.0,[216.0, 1038.0, 628.0, 793.0, -2147483648.0, 426.0],[108695, 123641, 114130, 111413, 134511, 133152],[600, 8029, 3412, 21065, 0, 2006],42,80,800,5,20
10,198,19.0,[216.0, 1038.0, 628.0, 793.0, -2147483648.0, 426.0],[115489, 131369, 121263, 118376, 142918, 141474],[600, 8029, 3412, 21065, 0, 2006],42,80,800,5,20
10,199,20.0,[216.0, 1038.0, 628.0, 793.0, -2147483648.0, 426.0],[122282, 139097, 128397, 125340, 151325, 149796],[600, 8029, 3412, 21065, 0, 2006],42,80,800,5,20
10,200,21.0,[216.0, 1038.0, 628.0, 793.0, -2147483648.0, 426.0],[122282, 139097, 128397, 125340, 151325, 149796],[600, 8029, 3412, 21065, 0, 2006],42,80,800,5,20
1,1,2.0,[0.0, 0.0, 0.0, 0.0, 0.0, 0.0],[0, 0, 0, 0, 0, 0],[0, 0, 0, 0, 0, 0],42,80,800,5,20
1,2,3.0,[-2147483648.0, 359.0, 342.0, 358.0, 417.0, 421.0],[7642, 6793, 7812, 6793, 8152, 8067],[0, 904, 1320, 900, 1078, 990],42,80,800,5,20
1,3,4.0,[-2147483648.0, 530.0, 797.0, 616.0, 792.0, 421.0],[15285, 13586, 15624, 13586, 16304, 16134],[0, 2269, 2790, 2937, 3535, 990],42,80,800,5,20
1,4,5.0,[-2147483648.0, 619.0, 872.0, 669.0, 792.0, 421.0],[22928, 20380, 23437, 20380, 24456, 24201],[0, 2542, 3084, 3429, 3535, 990],42,80,800,5,20
1,5,6.0,[-2147483648.0, 1081.0, 872.0, 963.0, 792.0, 421.0],[30570, 27173, 31249, 27173, 32608, 32269],[0, 5011, 3084, 6469, 3535, 990],42,80,800,5,20
1,6,7.0,[-2147483648.0, 1141.0, 872.0, 963.0, 792.0, 421.0],[38213, 33967, 39062, 33967, 40761, 40336],[0, 11572, 3084, 6469, 3535, 990],42,80,800,5,20
1,7,8.0,[-2147483648.0, 1134.0, 872.0, 963.0, 792.0, 421.0],[45856, 40760, 46874, 40760, 48913, 48403],[0, 12446, 3084, 6469, 3535, 990],42,80,800,5,20
1,8,9.0,[-2147483648.0, 1134.0, 872.0, 963.0, 792.0, 421.0],[53498, 47554, 54687, 47554, 57065, 56471],[0, 12446, 3084, 6469, 3535, 990],42,80,800,5,20
1,9,10.0,[-2147483648.0, 1134.0, 872.0, 963.0, 792.0, 421.0],[61141, 54347, 62499, 54347, 65217, 64538],[0, 12446, 3084, 6469, 3535, 990],42,80,800,5,20
1,10,11.0,[-2147483648.0, 1134.0, 872.0, 963.0, 792.0, 421.0],[68784, 61141, 70312, 61141, 73369, 72605],[0, 12446, 3084, 6469, 3535, 990],42,80,800,5,20
1,11,12.0,[-2147483648.0, 1134.0, 872.0, 963.0, 792.0, 421.0],[76426, 67934, 78124, 67934, 81522, 80673],[0, 12446, 3084, 6469, 3535, 990],42,80,800,5,20
1,12,13.0,[-2147483648.0, 1134.0, 872.0, 963.0, 792.0, 421.0],[84069, 74728, 85937, 74728, 89674, 88740],[0, 12446, 3084, 6469, 3535, 990],42,80,800,5,20
1,13,14.0,[-2147483648.0, 1134.0, 872.0, 963.0, 792.0, 421.0],[91712, 81521, 93749, 81521, 97826, 96807],[0, 12446, 3084, 6469, 3535, 990],42,80,800,5,20
1,14,15.0,[-2147483648.0, 1134.0, 872.0, 963.0, 792.0, 421.0],[99354, 88315, 101562, 88315, 105978, 104875],[0, 12446, 3084, 6469, 3535, 990],42,80,800,5,20
1,15,16.0,[-2147483648.0, 1134.0, 872.0, 963.0, 792.0, 421.0],[106997, 95108, 109374, 95108, 114131, 112942],[0, 12446, 3084, 6469, 3535, 990],42,80,800,5,20
1,16,17.0,[-2147483648.0, 1134.0, 872.0, 963.0, 792.0, 421.0],[114640, 101902, 117187, 101902, 122283, 121009],[0, 12446, 3084, 6469, 3535, 990],42,80,800,5,20
1,17,18.0,[-2147483648.0, 1134.0, 872.0, 963.0, 792.0, 421.0],[122283, 108695, 124999, 108695, 130435, 129077],[0, 12446, 3084, 6469, 3535, 990],42,80,800,5,20
1,18,19.0,[-2147483648.0, 1134.0, 872.0, 963.0, 792.0, 421.0],[129925, 115489, 132812, 115489, 138587, 137144],[0, 12446, 3084, 6469, 3535, 990],42,80,800,5,20
1,19,20.0,[-2147483648.0, 1134.0, 872.0, 963.0, 792.0, 421.0],[137568, 122282, 140624, 122282, 146739, 145211],[0, 12446, 3084, 6469, 3535, 990],42,80,800,5,20
1,20,21.0,[-2147483648.0, 1134.0, 872.0, 963.0, 792.0, 421.0],[137568, 122282, 140624, 122282, 146739, 145211],[0, 12446, 3084, 6469, 3535, 990],42,80,800,5,20
1,1,2.0,[0.0, 0.0, 0.0, 0.0, 0.0, 0.0],[0, 0, 0, 0, 0, 0],[0, 0, 0, 0, 0, 0],42,80,800,5,20
1,1,2.0,[0.0, 0.0, 0.0, 0.0, 0.0, 0.0],[0, 0, 0, 0, 0, 0],[0, 0, 0, 0, 0, 0],42,80,800,5,20
1,2,3.0,[322.0, 357.0, 117.0, 380.0, 389.0, 341.0],[7218, 7642, 7218, 7897, 8237, 7472],[843, 1225, 300, 840, 1056, 870],42,80,800,5,20
