1,1,2.0,[0.0, 0.0, 0.0, 0.0, 0.0, 0.0],[0, 0, 0, 0, 0, 0],[0, 0, 0, 0, 0, 0],42,80,800,5,20
1,2,3.0,[444.0, 252.0, 339.0, 440.0, 383.0, 155.0],[7897, 7303, 7048, 8406, 7133, 7557],[1620, 510, 570, 1050, 900, 535],42,80,800,5,20
1,3,4.0,[444.0, 252.0, 339.0, 666.0, 655.0, 155.0],[15794, 14606, 14096, 16813, 14266, 15115],[1620, 510, 570, 4223, 3863, 535],42,80,800,5,20
1,4,5.0,[444.0, 252.0, 339.0, 666.0, 674.0, 155.0],[23692, 21909, 21144, 25220, 21399, 22673],[1620, 510, 570, 4223, 8924, 535],42,80,800,5,20
1,5,6.0,[444.0, 252.0, 339.0, 666.0, 674.0, 155.0],[31589, 29212, 28193, 33627, 28532, 30231],[1620, 510, 570, 4223, 8924, 535],42,80,800,5,20
1,6,7.0,[444.0, 252.0, 339.0, 666.0, 674.0, 155.0],[39487, 36515, 35241, 42034, 35665, 37788],[1620, 510, 570, 4223, 8924, 535],42,80,800,5,20
1,7,8.0,[444.0, 252.0, 339.0, 666.0, 674.0, 155.0],[47384, 43818, 42289, 50441, 42799, 45346],[1620, 510, 570, 4223, 8924, 535],42,80,800,5,20
1,8,9.0,[444.0, 252.0, 339.0, 666.0, 674.0, 155.0],[55282, 51121, 49337, 58848, 49932, 52904],[1620, 510, 570, 4223, 8924, 535],42,80,800,5,20
1,9,10.0,[444.0, 252.0, 339.0, 666.0, 674.0, 155.0],[63179, 58424, 56386, 67255, 57065, 60462],[1620, 510, 570, 4223, 8924, 535],42,80,800,5,20
1,10,11.0,[444.0, 252.0, 339.0, 666.0, 674.0, 155.0],[71077, 65727, 63434, 75662, 64198, 68020],[1620, 510, 570, 4223, 8924, 535],42,80,800,5,20
1,11,12.0,[444.0, 252.0, 339.0, 666.0, 674.0, 155.0],[78974, 73030, 70482, 84069, 71331, 75577],[1620, 510, 570, 4223, 8924, 535],42,80,800,5,20
1,12,13.0,[444.0, 252.0, 339.0, 666.0, 674.0, 155.0],[86872, 80333, 77530, 92476, 78464, 83135],[1620, 510, 570, 4223, 8924, 535],42,80,800,5,20
1,13,14.0,[444.0, 252.0, 339.0, 666.0, 674.0, 155.0],[94769, 87636, 84579, 100883, 85598, 90693],[1620, 510, 570, 4223, 8924, 535],42,80,800,5,20
1,14,15.0,[444.0, 252.0, 339.0, 666.0, 674.0, 155.0],[102666, 94939, 91627, 109290, 92731, 98251],[1620, 510, 570, 4223, 8924, 535],42,80,800,5,20
1,15,16.0,[444.0, 252.0, 339.0, 666.0, 674.0, 155.0],[110564, 102242, 98675, 117697, 99864, 105808],[1620, 510, 570, 4223, 8924, 535],42,80,800,5,20
1,16,17.0,[444.0, 252.0, 339.0, 666.0, 674.0, 155.0],[118461, 109545, 105723, 126104, 106997, 113366],[1620, 510, 570, 4223, 8924, 535],42,80,800,5,20
1,17,18.0,[444.0, 252.0, 339.0, 666.0, 674.0, 155.0],[126359, 116848, 112772, 134511, 114130, 120924],[1620, 510, 570, 4223, 8924, 535],42,80,800,5,20
1,18,19.0,[444.0, 252.0, 339.0, 666.0, 674.0, 155.0],[134256, 124151, 119820, 142918, 121263, 128482],[1620, 510, 570, 4223, 8924, 535],42,80,800,5,20
1,19,20.0,[444.0, 252.0, 339.0, 666.0, 674.0, 155.0],[142154, 131454, 126868, 151325, 128397, 136040],[1620, 510, 570, 4223, 8924, 535],42,80,800,5,20
1,20,21.0,[444.0, 252.0, 339.0, 666.0, 674.0, 155.0],[142154, 131454, 126868, 151325, 128397, 136040],[1620, 510, 570, 4223, 8924, 535],42,80,800,5,20
2,21,2.0,[0.0, 0.0, 0.0, 0.0, 0.0, 0.0],[0, 0, 0, 0, 0, 0],[0, 0, 0, 0, 0, 0],42,80,800,5,20
2,22,3.0,[368.0, 421.0, 422.0, 272.0, 374.0, -2147483648.0],[7472, 7303, 7472, 7303, 7133, 7218],[960, 840, 1172, 810, 1350, 0],42,80,800,5,20
2,23,4.0,[474.0, 421.0, 422.0, 637.0, 509.0, -2147483648.0],[14945, 14606, 14945, 14606, 14266, 14436],[7101, 840, 1172, 6897, 7692, 0],42,80,800,5,20
2,24,5.0,[451.0, 178.0, 422.0, 569.0, 487.0, -2147483648.0],[22418, 21909, 22418, 21909, 21399, 21654],[12120, 4607, 1172, 11328, 13089, 0],42,80,800,5,20
2,25,6.0,[457.0, 181.0, 422.0, 572.0, 495.0, -2147483648.0],[29891, 29212, 29891, 29212, 28532, 28872],[12449, 4750, 1172, 11692, 13460, 0],42,80,800,5,20
2,26,7.0,[511.0, 183.0, 422.0, 635.0, 530.0, -2147483648.0],[37364, 36515, 37364, 36515, 35665, 36090],[16124, 4764, 1172, 18055, 18864, 0],42,80,800,5,20
2,27,8.0,[604.0, 876.0, 422.0, 656.0, 530.0, -2147483648.0],[44837, 43818, 44837, 43818, 42799, 43308],[19925, 8250, 1172, 20470, 18864, 0],42,80,800,5,20
2,28,9.0,[624.0, 876.0, 422.0, 676.0, 530.0, -2147483648.0],[52309, 51121, 52309, 51121, 49932, 50526],[20499, 8250, 1172, 21121, 18864, 0],42,80,800,5,20
2,29,10.0,[661.0, 876.0, 422.0, 699.0, 530.0, -2147483648.0],[59782, 58424, 59782, 58424, 57065, 57744],[21097, 8250, 1172, 21670, 18864, 0],42,80,800,5,20
2,30,11.0,[661.0, 876.0, 422.0, 904.0, 530.0, -2147483648.0],[67255, 65727, 67255, 65727, 64198, 64962],[21097, 8250, 1172, 31235, 18864, 0],42,80,800,5,20
2,31,12.0,[661.0, 876.0, 422.0, 728.0, 530.0, -2147483648.0],[74728, 73030, 74728, 73030, 71331, 72180],[21097, 8250, 1172, 40872, 18864, 0],42,80,800,5,20
2,32,13.0,[661.0, 876.0, 422.0, 728.0, 530.0, -2147483648.0],[82201, 80333, 82201, 80333, 78464, 79398],[21097, 8250, 1172, 40872, 18864, 0],42,80,800,5,20
2,33,14.0,[661.0, 876.0, 422.0, 728.0, 530.0, -2147483648.0],[89674, 87636, 89674, 87636, 85598, 86616],[21097, 8250, 1172, 40872, 18864, 0],42,80,800,5,20
2,34,15.0,[661.0, 876.0, 422.0, 728.0, 530.0, -2147483648.0],[97146, 94939, 97146, 94939, 92731, 93835],[21097, 8250, 1172, 40872, 18864, 0],42,80,800,5,20
2,35,16.0,[661.0, 876.0, 422.0, 728.0, 530.0, -2147483648.0],[104619, 102242, 104619, 102242, 99864, 101053],[21097, 8250, 1172, 40872, 18864, 0],42,80,800,5,20
2,36,17.0,[661.0, 876.0, 422.0, 728.0, 530.0, -2147483648.0],[112092, 109545, 112092, 109545, 106997, 108271],[21097, 8250, 1172, 40872, 18864, 0],42,80,800,5,20
2,37,18.0,[661.0, 876.0, 422.0, 728.0, 530.0, -2147483648.0],[119565, 116848, 119565, 116848, 114130, 115489],[21097, 8250, 1172, 40872, 18864, 0],42,80,800,5,20
2,38,19.0,[661.0, 876.0, 422.0, 728.0, 530.0, -2147483648.0],[127038, 124151, 127038, 124151, 121263, 122707],[21097, 8250, 1172, 40872, 18864, 0],42,80,800,5,20
2,39,20.0,[661.0, 876.0, 422.0, 728.0, 530.0, -2147483648.0],[134511, 131454, 134511, 131454, 128397, 129925],[21097, 8250, 1172, 40872, 18864, 0],42,80,800,5,20
2,40,21.0,[661.0, 876.0, 422.0, 728.0, 530.0, -2147483648.0],[134511, 131454, 134511, 131454, 128397, 129925],[21097, 8250, 1172, 40872, 18864, 0],42,80,800,5,20
3,41,2.0,[0.0, 0.0, 0.0, 0.0, 0.0, 0.0],[0, 0, 0, 0, 0, 0],[0, 0, 0, 0, 0, 0],42,80,800,5,20
3,42,3.0,[266.0, 272.0, 390.0, 353.0, 273.0, 314.0],[7133, 7133, 7642, 7897, 7303, 7982],[634, 570, 1114, 600, 1552, 720],42,80,800,5,20
3,43,4.0,[266.0, 608.0, 390.0, 353.0, 544.0, 705.0],[14266, 14266, 15285, 15794, 14606, 15964],[634, 4266, 1114, 600, 3283, 3429],42,80,800,5,20
3,44,5.0,[183.0, 608.0, 289.0, 353.0, 960.0, 720.0],[21399, 21399, 22928, 23692, 21909, 23947],[2788, 4277, 3671, 600, 8240, 8277],42,80,800,5,20
3,45,6.0,[327.0, 615.0, 347.0, 353.0, 1030.0, 755.0],[28532, 28532, 30570, 31589, 29212, 31929],[5749, 4306, 6842, 600, 14393, 13149],42,80,800,5,20
3,46,7.0,[386.0, 615.0, 361.0, 353.0, 1045.0, 772.0],[35665, 35665, 38213, 39487, 36515, 39911],[6394, 4306, 7352, 600, 15416, 13569],42,80,800,5,20
3,47,8.0,[386.0, 615.0, 362.0, 353.0, 1025.0, 799.0],[42799, 42799, 45856, 47384, 43818, 47894],[6394, 4306, 7544, 600, 15908, 13953],42,80,800,5,20
3,48,9.0,[386.0, 615.0, 362.0, 353.0, 724.0, 799.0],[49932, 49932, 53498, 55282, 51121, 55876],[6394, 4306, 7544, 600, 22545, 13953],42,80,800,5,20
3,49,10.0,[386.0, 615.0, 362.0, 353.0, 624.0, 799.0],[57065, 57065, 61141, 63179, 58424, 63858],[6394, 4306, 7544, 600, 27417, 13953],42,80,800,5,20
3,50,11.0,[386.0, 615.0, 362.0, 353.0, 624.0, 799.0],[64198, 64198, 68784, 71077, 65727, 71841],[6394, 4306, 7544, 600, 27417, 13953],42,80,800,5,20
3,51,12.0,[386.0, 615.0, 362.0, 353.0, 624.0, 799.0],[71331, 71331, 76426, 78974, 73030, 79823],[6394, 4306, 7544, 600, 27417, 13953],42,80,800,5,20
3,52,13.0,[386.0, 615.0, 362.0, 353.0, 624.0, 799.0],[78464, 78464, 84069, 86872, 80333, 87806],[6394, 4306, 7544, 600, 27417, 13953],42,80,800,5,20
3,53,14.0,[386.0, 615.0, 362.0, 353.0, 624.0, 799.0],[85598, 85598, 91712, 94769, 87636, 95788],[6394, 4306, 7544, 600, 27417, 13953],42,80,800,5,20
3,54,15.0,[386.0, 615.0, 362.0, 353.0, 624.0, 799.0],[92731, 92731, 99354, 102666, 94939, 103770],[6394, 4306, 7544, 600, 27417, 13953],42,80,800,5,20
3,55,16.0,[386.0, 615.0, 362.0, 353.0, 624.0, 799.0],[99864, 99864, 106997, 110564, 102242, 111753],[6394, 4306, 7544, 600, 27417, 13953],42,80,800,5,20
3,56,17.0,[386.0, 615.0, 362.0, 353.0, 624.0, 799.0],[106997, 106997, 114640, 118461, 109545, 119735],[6394, 4306, 7544, 600, 27417, 13953],42,80,800,5,20
3,57,18.0,[386.0, 615.0, 362.0, 353.0, 624.0, 799.0],[114130, 114130, 122283, 126359, 116848, 127717],[6394, 4306, 7544, 600, 27417, 13953],42,80,800,5,20
3,58,19.0,[386.0, 615.0, 362.0, 353.0, 624.0, 799.0],[121263, 121263, 129925, 134256, 124151, 135700],[6394, 4306, 7544, 600, 27417, 13953],42,80,800,5,20
3,59,20.0,[386.0, 615.0, 362.0, 353.0, 624.0, 799.0],[128397, 128397, 137568, 142154, 131454, 143682],[6394, 4306, 7544, 600, 27417, 13953],42,80,800,5,20
3,60,21.0,[386.0, 615.0, 362.0, 353.0, 624.0, 799.0],[128397, 128397, 137568, 142154, 131454, 143682],[6394, 4306, 7544, 600, 27417, 13953],42,80,800,5,20
4,61,2.0,[0.0, 0.0, 0.0, 0.0, 0.0, 0.0],[0, 0, 0, 0, 0, 0],[0, 0, 0, 0, 0, 0],42,80,800,5,20
4,62,3.0,[312.0, 485.0, 57.0, 378.0, 418.0, 323.0],[7727, 8491, 7897, 7642, 8067, 8322],[960, 820, 424, 1392, 840, 754],42,80,800,5,20
4,63,4.0,[312.0, 294.0, 143.0, 520.0, 284.0, 241.0],[15455, 16983, 15794, 15285, 16134, 16644],[960, 1708, 1096, 7482, 1636, 1258],42,80,800,5,20
4,64,5.0,[312.0, 294.0, 167.0, 526.0, 303.0, 276.0],[23182, 25475, 23692, 22928, 24201, 24966],[960, 1708, 1193, 7820, 1823, 1571],42,80,800,5,20
4,65,6.0,[312.0, 294.0, 595.0, 663.0, 397.0, 276.0],[30910, 33967, 31589, 30570, 32269, 33288],[960, 1708, 2206, 9660, 2298, 1571],42,80,800,5,20
4,66,7.0,[312.0, 294.0, 1066.0, 887.0, 397.0, 276.0],[38638, 42459, 39487, 38213, 40336, 41610],[960, 1708, 4550, 12381, 2298, 1571],42,80,800,5,20
4,67,8.0,[312.0, 294.0, 971.0, 1135.0, 397.0, 276.0],[46365, 50951, 47384, 45856, 48403, 49932],[960, 1708, 7720, 15839, 2298, 1571],42,80,800,5,20
4,68,9.0,[312.0, 294.0, 968.0, 1176.0, 397.0, 276.0],[54093, 59442, 55282, 53498, 56471, 58254],[960, 1708, 8236, 16415, 2298, 1571],42,80,800,5,20
4,69,10.0,[312.0, 294.0, 968.0, 1340.0, 397.0, 276.0],[61820, 67934, 63179, 61141, 64538, 66576],[960, 1708, 8236, 23702, 2298, 1571],42,80,800,5,20
4,70,11.0,[312.0, 294.0, 968.0, 1340.0, 397.0, 276.0],[69548, 76426, 71077, 68784, 72605, 74898],[960, 1708, 8236, 23702, 2298, 1571],42,80,800,5,20
4,71,12.0,[312.0, 294.0, 968.0, 1340.0, 397.0, 276.0],[77276, 84918, 78974, 76426, 80673, 83220],[960, 1708, 8236, 23702, 2298, 1571],42,80,800,5,20
4,72,13.0,[312.0, 294.0, 968.0, 1340.0, 397.0, 276.0],[85003, 93410, 86872, 84069, 88740, 91542],[960, 1708, 8236, 23702, 2298, 1571],42,80,800,5,20
4,73,14.0,[312.0, 294.0, 968.0, 1340.0, 397.0, 276.0],[92731, 101902, 94769, 91712, 96807, 99864],[960, 1708, 8236, 23702, 2298, 1571],42,80,800,5,20
4,74,15.0,[312.0, 294.0, 968.0, 1340.0, 397.0, 276.0],[100459, 110394, 102666, 99354, 104875, 108186],[960, 1708, 8236, 23702, 2298, 1571],42,80,800,5,20
4,75,16.0,[312.0, 294.0, 968.0, 1340.0, 397.0, 276.0],[108186, 118885, 110564, 106997, 112942, 116508],[960, 1708, 8236, 23702, 2298, 1571],42,80,800,5,20
4,76,17.0,[312.0, 294.0, 968.0, 1340.0, 397.0, 276.0],[115914, 127377, 118461, 114640, 121009, 124830],[960, 1708, 8236, 23702, 2298, 1571],42,80,800,5,20
4,77,18.0,[312.0, 294.0, 968.0, 1340.0, 397.0, 276.0],[123641, 135869, 126359, 122283, 129077, 133152],[960, 1708, 8236, 23702, 2298, 1571],42,80,800,5,20
4,78,19.0,[312.0, 294.0, 968.0, 1340.0, 397.0, 276.0],[131369, 144361, 134256, 129925, 137144, 141474],[960, 1708, 8236, 23702, 2298, 1571],42,80,800,5,20
4,79,20.0,[312.0, 294.0, 968.0, 1340.0, 397.0, 276.0],[139097, 152853, 142154, 137568, 145211, 149796],[960, 1708, 8236, 23702, 2298, 1571],42,80,800,5,20
4,80,21.0,[312.0, 294.0, 968.0, 1340.0, 397.0, 276.0],[139097, 152853, 142154, 137568, 145211, 149796],[960, 1708, 8236, 23702, 2298, 1571],42,80,800,5,20
5,81,2.0,[0.0, 0.0, 0.0, 0.0, 0.0, 0.0],[0, 0, 0, 0, 0, 0],[0, 0, 0, 0, 0, 0],42,80,800,5,20
5,82,3.0,[263.0, 293.0, 251.0, 381.0, 470.0, 354.0],[8067, 8491, 7472, 7897, 8406, 7812],[1568, 750, 690, 660, 630, 870],42,80,800,5,20
5,83,4.0,[614.0, 720.0, 251.0, 760.0, 694.0, 354.0],[16134, 16983, 14945, 15794, 16813, 15624],[3887, 3069, 690, 1543, 2865, 870],42,80,800,5,20
5,84,5.0,[850.0, 720.0, 251.0, 933.0, 897.0, 354.0],[24201, 25475, 22418, 23692, 25220, 23437],[6255, 3069, 690, 3207, 4314, 870],42,80,800,5,20
5,85,6.0,[851.0, 720.0, 251.0, 933.0, 1211.0, 354.0],[32269, 33967, 29891, 31589, 33627, 31249],[6264, 3069, 690, 3207, 12714, 870],42,80,800,5,20
5,86,7.0,[1079.0, 720.0, 251.0, 933.0, 1206.0, 354.0],[40336, 42459, 37364, 39487, 42034, 39062],[7248, 3069, 690, 3207, 13914, 870],42,80,800,5,20
5,87,8.0,[1025.0, 720.0, 251.0, 933.0, 1118.0, 354.0],[48403, 50951, 44837, 47384, 50441, 46874],[9342, 3069, 690, 3207, 16093, 870],42,80,800,5,20
5,88,9.0,[1018.0, 706.0, 251.0, 933.0, 1111.0, 354.0],[56471, 59442, 52309, 55282, 58848, 54687],[9489, 3270, 690, 3207, 16270, 870],42,80,800,5,20
5,89,10.0,[1018.0, 245.0, 251.0, 933.0, 1111.0, 354.0],[64538, 67934, 59782, 63179, 67255, 62499],[9489, 15880, 690, 3207, 16279, 870],42,80,800,5,20
5,90,11.0,[1026.0, 261.0, 251.0, 933.0, 1200.0, 354.0],[72605, 76426, 67255, 71077, 75662, 70312],[9552, 17702, 690, 3207, 18190, 870],42,80,800,5,20
5,91,12.0,[1026.0, 371.0, 251.0, 933.0, 1252.0, 354.0],[80673, 84918, 74728, 78974, 84069, 78124],[9552, 23558, 690, 3207, 25498, 870],42,80,800,5,20
5,92,13.0,[1026.0, 378.0, 251.0, 933.0, 1253.0, 354.0],[88740, 93410, 82201, 86872, 92476, 85937],[9552, 23801, 690, 3207, 25798, 870],42,80,800,5,20
5,93,14.0,[1026.0, 525.0, 251.0, 933.0, 1289.0, 354.0],[96807, 101902, 89674, 94769, 100883, 93749],[9552, 32642, 690, 3207, 35542, 870],42,80,800,5,20
5,94,15.0,[1026.0, 531.0, 251.0, 933.0, 1284.0, 354.0],[104875, 110394, 97146, 102666, 109290, 101562],[9552, 33251, 690, 3207, 36158, 870],42,80,800,5,20
5,95,16.0,[1026.0, 624.0, 251.0, 933.0, 1267.0, 354.0],[112942, 118885, 104619, 110564, 117697, 109374],[9552, 39999, 690, 3207, 42017, 870],42,80,800,5,20
5,96,17.0,[1026.0, 668.0, 251.0, 933.0, 1249.0, 354.0],[121009, 127377, 112092, 118461, 126104, 117187],[9552, 44934, 690, 3207, 47204, 870],42,80,800,5,20
5,97,18.0,[1026.0, 676.0, 251.0, 933.0, 1251.0, 354.0],[129077, 135869, 119565, 126359, 134511, 124999],[9552, 45501, 690, 3207, 47925, 870],42,80,800,5,20
5,98,19.0,[1026.0, 787.0, 251.0, 933.0, 1251.0, 354.0],[137144, 144361, 127038, 134256, 142918, 132812],[9552, 52044, 690, 3207, 47925, 870],42,80,800,5,20
5,99,20.0,[1026.0, 787.0, 251.0, 933.0, 1251.0, 354.0],[145211, 152853, 134511, 142154, 151325, 140624],[9552, 52044, 690, 3207, 47925, 870],42,80,800,5,20
5,100,21.0,[1026.0, 787.0, 251.0, 933.0, 1251.0, 354.0],[145211, 152853, 134511, 142154, 151325, 140624],[9552, 52044, 690, 3207, 47925, 870],42,80,800,5,20
6,101,2.0,[0.0, 0.0, 0.0, 0.0, 0.0, 0.0],[0, 0, 0, 0, 0, 0],[0, 0, 0, 0, 0, 0],42,80,800,5,20
6,102,3.0,[359.0, 480.0, 238.0, 417.0, -2147483648.0, 311.0],[8152, 8237, 8152, 6963, 8152, 7048],[780, 1260, 1117, 1200, 0, 840],42,80,800,5,20
6,103,4.0,[359.0, 480.0, 32.0, 66.0, -2147483648.0, 329.0],[16304, 16474, 16304, 13926, 16304, 14096],[780, 1260, 8931, 7869, 0, 870],42,80,800,5,20
6,104,5.0,[359.0, 480.0, 37.0, 66.0, -2147483648.0, 272.0],[24456, 24711, 24456, 20890, 24456, 21144],[780, 1260, 9521, 7869, 0, 3885],42,80,800,5,20
6,105,6.0,[359.0, 480.0, 97.0, 137.0, -2147483648.0, 271.0],[32608, 32948, 32608, 27853, 32608, 28193],[780, 1260, 12394, 10401, 0, 3949],42,80,800,5,20
6,106,7.0,[359.0, 366.0, 204.0, 258.0, -2147483648.0, 552.0],[40761, 41185, 40761, 34816, 40761, 35241],[780, 2776, 14725, 13688, 0, 5902],42,80,800,5,20
6,107,8.0,[359.0, 366.0, 204.0, 258.0, -2147483648.0, 552.0],[48913, 49422, 48913, 41780, 48913, 42289],[780, 2776, 14725, 13688, 0, 5902],42,80,800,5,20
6,108,9.0,[359.0, 327.0, 202.0, 234.0, -2147483648.0, 552.0],[57065, 57659, 57065, 48743, 57065, 49337],[780, 5438, 17475, 17415, 0, 5902],42,80,800,5,20
6,109,10.0,[359.0, 327.0, 202.0, 168.0, -2147483648.0, 552.0],[65217, 65896, 65217, 55706, 65217, 56386],[780, 5438, 17475, 24332, 0, 5902],42,80,800,5,20
6,110,11.0,[359.0, 327.0, 202.0, 168.0, -2147483648.0, 552.0],[73369, 74133, 73369, 62670, 73369, 63434],[780, 5438, 17475, 24332, 0, 5902],42,80,800,5,20
6,111,12.0,[359.0, 327.0, 202.0, 168.0, -2147483648.0, 552.0],[81522, 82370, 81522, 69633, 81522, 70482],[780, 5438, 17475, 24332, 0, 5902],42,80,800,5,20
6,112,13.0,[359.0, 327.0, 198.0, 168.0, -2147483648.0, 552.0],[89674, 90608, 89674, 76596, 89674, 77530],[780, 5438, 18817, 24332, 0, 5902],42,80,800,5,20
6,113,14.0,[359.0, 327.0, 198.0, 168.0, 0.0, 552.0],[97826, 98845, 97826, 83560, 97826, 84579],[780, 5438, 18817, 24332, 6920, 5902],42,80,800,5,20
6,114,15.0,[359.0, 327.0, 198.0, 168.0, 0.0, 552.0],[105978, 107082, 105978, 90523, 105978, 91627],[780, 5438, 18817, 24332, 6920, 5902],42,80,800,5,20
6,115,16.0,[359.0, 327.0, 198.0, 168.0, 0.0, 552.0],[114131, 115319, 114131, 97486, 114131, 98675],[780, 5438, 18817, 24332, 6920, 5902],42,80,800,5,20
6,116,17.0,[359.0, 327.0, 198.0, 168.0, 0.0, 552.0],[122283, 123556, 122283, 104450, 122283, 105723],[780, 5438, 18817, 24332, 6920, 5902],42,80,800,5,20
6,117,18.0,[359.0, 327.0, 198.0, 168.0, 0.0, 552.0],[130435, 131793, 130435, 111413, 130435, 112772],[780, 5438, 18817, 24332, 6920, 5902],42,80,800,5,20
6,118,19.0,[359.0, 327.0, 198.0, 168.0, 0.0, 552.0],[138587, 140030, 138587, 118376, 138587, 119820],[780, 5438, 18817, 24332, 6920, 5902],42,80,800,5,20
6,119,20.0,[359.0, 327.0, 198.0, 168.0, 0.0, 552.0],[146739, 148267, 146739, 125340, 146739, 126868],[780, 5438, 18817, 24332, 6920, 5902],42,80,800,5,20
6,120,21.0,[359.0, 327.0, 198.0, 168.0, 0.0, 552.0],[146739, 148267, 146739, 125340, 146739, 126868],[780, 5438, 18817, 24332, 6920, 5902],42,80,800,5,20
7,121,2.0,[0.0, 0.0, 0.0, 0.0, 0.0, 0.0],[0, 0, 0, 0, 0, 0],[0, 0, 0, 0, 0, 0],42,80,800,5,20
7,122,3.0,[332.0, 370.0, 356.0, 380.0, 404.0, 333.0],[7982, 7812, 6878, 7472, 7982, 7812],[480, 810, 695, 971, 1110, 1110],42,80,800,5,20
7,123,4.0,[333.0, 408.0, 370.0, 380.0, 436.0, 384.0],[15964, 15624, 13756, 14945, 15964, 15624],[558, 921, 713, 971, 1293, 1305],42,80,800,5,20
7,124,5.0,[333.0, 364.0, 370.0, 380.0, 368.0, 427.0],[23947, 23437, 20635, 22418, 23947, 23437],[558, 1798, 713, 971, 4594, 2011],42,80,800,5,20
7,125,6.0,[333.0, 375.0, 370.0, 380.0, 368.0, 440.0],[31929, 31249, 27513, 29891, 31929, 31249],[558, 1831, 713, 971, 4594, 2098],42,80,800,5,20
7,126,7.0,[333.0, 375.0, 370.0, 380.0, 368.0, 440.0],[39911, 39062, 34392, 37364, 39911, 39062],[558, 1831, 713, 971, 4594, 2098],42,80,800,5,20
7,127,8.0,[333.0, 375.0, 370.0, 380.0, 368.0, 440.0],[47894, 46874, 41270, 44837, 47894, 46874],[558, 1831, 713, 971, 4594, 2098],42,80,800,5,20
7,128,9.0,[333.0, 375.0, 370.0, 380.0, 368.0, 440.0],[55876, 54687, 48149, 52309, 55876, 54687],[558, 1831, 713, 971, 4594, 2098],42,80,800,5,20
7,129,10.0,[333.0, 375.0, 370.0, 380.0, 368.0, 440.0],[63858, 62499, 55027, 59782, 63858, 62499],[558, 1831, 713, 971, 4594, 2098],42,80,800,5,20
7,130,11.0,[333.0, 375.0, 370.0, 380.0, 368.0, 440.0],[71841, 70312, 61905, 67255, 71841, 70312],[558, 1831, 713, 971, 4594, 2098],42,80,800,5,20
7,131,12.0,[333.0, 375.0, 370.0, 380.0, 368.0, 440.0],[79823, 78124, 68784, 74728, 79823, 78124],[558, 1831, 713, 971, 4594, 2098],42,80,800,5,20
7,132,13.0,[333.0, 375.0, 370.0, 409.0, 368.0, 440.0],[87806, 85937, 75662, 82201, 87806, 85937],[558, 1831, 713, 974, 4594, 2098],42,80,800,5,20
7,133,14.0,[333.0, 375.0, 370.0, 409.0, 368.0, 440.0],[95788, 93749, 82541, 89674, 95788, 93749],[558, 1831, 713, 974, 4594, 2098],42,80,800,5,20
7,134,15.0,[333.0, 375.0, 370.0, 409.0, 368.0, 440.0],[103770, 101562, 89419, 97146, 103770, 101562],[558, 1831, 713, 974, 4594, 2098],42,80,800,5,20
7,135,16.0,[333.0, 375.0, 370.0, 409.0, 368.0, 440.0],[111753, 109374, 96298, 104619, 111753, 109374],[558, 1831, 713, 974, 4594, 2098],42,80,800,5,20
7,136,17.0,[333.0, 375.0, 370.0, 409.0, 368.0, 440.0],[119735, 117187, 103176, 112092, 119735, 117187],[558, 1831, 713, 974, 4594, 2098],42,80,800,5,20
7,137,18.0,[333.0, 375.0, 370.0, 409.0, 368.0, 440.0],[127717, 124999, 110054, 119565, 127717, 124999],[558, 1831, 713, 974, 4594, 2098],42,80,800,5,20
7,138,19.0,[333.0, 375.0, 370.0, 409.0, 368.0, 440.0],[135700, 132812, 116933, 127038, 135700, 132812],[558, 1831, 713, 974, 4594, 2098],42,80,800,5,20
7,139,20.0,[333.0, 375.0, 370.0, 409.0, 368.0, 440.0],[143682, 140624, 123811, 134511, 143682, 140624],[558, 1831, 713, 974, 4594, 2098],42,80,800,5,20
7,140,21.0,[333.0, 375.0, 370.0, 409.0, 368.0, 440.0],[143682, 140624, 123811, 134511, 143682, 140624],[558, 1831, 713, 974, 4594, 2098],42,80,800,5,20
8,141,2.0,[0.0, 0.0, 0.0, 0.0, 0.0, 0.0],[0, 0, 0, 0, 0, 0],[0, 0, 0, 0, 0, 0],42,80,800,5,20
8,142,3.0,[358.0, 273.0, 493.0, 274.0, 389.0, 300.0],[8322, 7982, 7303, 7048, 8152, 6878],[1350, 1009, 570, 544, 810, 810],42,80,800,5,20
8,143,4.0,[358.0, 291.0, 596.0, 319.0, 398.0, 296.0],[16644, 15964, 14606, 14096, 16304, 13756],[1350, 1096, 723, 664, 846, 900],42,80,800,5,20
8,144,5.0,[358.0, 347.0, 1259.0, 326.0, 566.0, 313.0],[24966, 23947, 21909, 21144, 24456, 20635],[1350, 1156, 5788, 673, 5744, 930],42,80,800,5,20
8,145,6.0,[358.0, 347.0, 1259.0, 621.0, 566.0, 313.0],[33288, 31929, 29212, 28193, 32608, 27513],[1350, 1156, 5788, 10275, 5744, 930],42,80,800,5,20
8,146,7.0,[358.0, 347.0, 1259.0, 621.0, 566.0, 313.0],[41610, 39911, 36515, 35241, 40761, 34392],[1350, 1156, 5788, 10275, 5744, 930],42,80,800,5,20
8,147,8.0,[358.0, 347.0, 1259.0, 621.0, 566.0, 1708.0],[49932, 47894, 43818, 42289, 48913, 41270],[1350, 1156, 5788, 10275, 5744, 1619],42,80,800,5,20
8,148,9.0,[358.0, 347.0, 1259.0, 621.0, 566.0, 1708.0],[58254, 55876, 51121, 49337, 57065, 48149],[1350, 1156, 5788, 10275, 5744, 1619],42,80,800,5,20
8,149,10.0,[358.0, 347.0, 1259.0, 621.0, 566.0, 912.0],[66576, 63858, 58424, 56386, 65217, 55027],[1350, 1156, 5788, 10275, 5744, 9264],42,80,800,5,20
8,150,11.0,[358.0, 347.0, 1259.0, 621.0, 566.0, 527.0],[74898, 71841, 65727, 63434, 73369, 61905],[1350, 1156, 5788, 10275, 5744, 16053],42,80,800,5,20
8,151,12.0,[358.0, 347.0, 1259.0, 621.0, 566.0, 527.0],[83220, 79823, 73030, 70482, 81522, 68784],[1350, 1156, 5788, 10275, 5744, 16053],42,80,800,5,20
8,152,13.0,[358.0, 347.0, 1259.0, 621.0, 566.0, 527.0],[91542, 87806, 80333, 77530, 89674, 75662],[1350, 1156, 5788, 10275, 5744, 16053],42,80,800,5,20
8,153,14.0,[358.0, 347.0, 1259.0, 621.0, 566.0, 527.0],[99864, 95788, 87636, 84579, 97826, 82541],[1350, 1156, 5788, 10275, 5744, 16053],42,80,800,5,20
8,154,15.0,[358.0, 347.0, 1259.0, 621.0, 566.0, 527.0],[108186, 103770, 94939, 91627, 105978, 89419],[1350, 1156, 5788, 10275, 5744, 16053],42,80,800,5,20
8,155,16.0,[358.0, 347.0, 1259.0, 621.0, 566.0, 527.0],[116508, 111753, 102242, 98675, 114131, 96298],[1350, 1156, 5788, 10275, 5744, 16053],42,80,800,5,20
8,156,17.0,[358.0, 347.0, 1259.0, 621.0, 566.0, 527.0],[124830, 119735, 109545, 105723, 122283, 103176],[1350, 1156, 5788, 10275, 5744, 16053],42,80,800,5,20
8,157,18.0,[358.0, 347.0, 1259.0, 621.0, 566.0, 527.0],[133152, 127717, 116848, 112772, 130435, 110054],[1350, 1156, 5788, 10275, 5744, 16053],42,80,800,5,20
8,158,19.0,[358.0, 347.0, 1259.0, 621.0, 566.0, 527.0],[141474, 135700, 124151, 119820, 138587, 116933],[1350, 1156, 5788, 10275, 5744, 16053],42,80,800,5,20
8,159,20.0,[358.0, 347.0, 1259.0, 621.0, 566.0, 527.0],[149796, 143682, 131454, 126868, 146739, 123811],[1350, 1156, 5788, 10275, 5744, 16053],42,80,800,5,20
8,160,21.0,[358.0, 347.0, 1259.0, 621.0, 566.0, 527.0],[149796, 143682, 131454, 126868, 146739, 123811],[1350, 1156, 5788, 10275, 5744, 16053],42,80,800,5,20
9,161,2.0,[0.0, 0.0, 0.0, 0.0, 0.0, 0.0],[0, 0, 0, 0, 0, 0],[0, 0, 0, 0, 0, 0],42,80,800,5,20
9,162,3.0,[421.0, 84.0, 403.0, 370.0, 475.0, 408.0],[8322, 7642, 7642, 7133, 7812, 8406],[1260, 480, 843, 976, 883, 750],42,80,800,5,20
9,163,4.0,[261.0, 84.0, 805.0, 208.0, 242.0, 408.0],[16644, 15285, 15285, 14266, 15624, 16813],[6254, 480, 4224, 4777, 5251, 750],42,80,800,5,20
9,164,5.0,[289.0, 84.0, 717.0, 224.0, 242.0, 408.0],[24966, 22928, 22928, 21399, 23437, 25220],[7664, 480, 6069, 6550, 5251, 750],42,80,800,5,20
9,165,6.0,[289.0, 84.0, 760.0, 307.0, 242.0, 408.0],[33288, 30570, 30570, 28532, 31249, 33627],[7664, 480, 6939, 7510, 5251, 750],42,80,800,5,20
9,166,7.0,[289.0, 84.0, 760.0, 161.0, 242.0, 408.0],[41610, 38213, 38213, 35665, 39062, 42034],[7664, 480, 6939, 14389, 5251, 750],42,80,800,5,20
9,167,8.0,[289.0, 84.0, 1508.0, 161.0, 242.0, 408.0],[49932, 45856, 45856, 42799, 46874, 50441],[7664, 480, 14268, 14389, 5251, 750],42,80,800,5,20
9,168,9.0,[289.0, 84.0, 1508.0, 161.0, 242.0, 408.0],[58254, 53498, 53498, 49932, 54687, 58848],[7664, 480, 14268, 14389, 5251, 750],42,80,800,5,20
9,169,10.0,[289.0, 84.0, 1508.0, 161.0, 242.0, 408.0],[66576, 61141, 61141, 57065, 62499, 67255],[7664, 480, 14268, 14389, 5251, 750],42,80,800,5,20
9,170,11.0,[289.0, 84.0, 1508.0, 161.0, 242.0, 408.0],[74898, 68784, 68784, 64198, 70312, 75662],[7664, 480, 14268, 14389, 5251, 750],42,80,800,5,20
9,171,12.0,[289.0, 84.0, 1508.0, 161.0, 242.0, 408.0],[83220, 76426, 76426, 71331, 78124, 84069],[7664, 480, 14268, 14389, 5251, 750],42,80,800,5,20
9,172,13.0,[289.0, 84.0, 1508.0, 161.0, 242.0, 408.0],[91542, 84069, 84069, 78464, 85937, 92476],[7664, 480, 14268, 14389, 5251, 750],42,80,800,5,20
9,173,14.0,[289.0, 84.0, 1508.0, 161.0, 242.0, 408.0],[99864, 91712, 91712, 85598, 93749, 100883],[7664, 480, 14268, 14389, 5251, 750],42,80,800,5,20
9,174,15.0,[289.0, 84.0, 1508.0, 161.0, 242.0, 408.0],[108186, 99354, 99354, 92731, 101562, 109290],[7664, 480, 14268, 14389, 5251, 750],42,80,800,5,20
9,175,16.0,[289.0, 84.0, 1508.0, 161.0, 242.0, 408.0],[116508, 106997, 106997, 99864, 109374, 117697],[7664, 480, 14268, 14389, 5251, 750],42,80,800,5,20
9,176,17.0,[289.0, 84.0, 1508.0, 161.0, 242.0, 408.0],[124830, 114640, 114640, 106997, 117187, 126104],[7664, 480, 14268, 14389, 5251, 750],42,80,800,5,20
9,177,18.0,[289.0, 84.0, 1508.0, 161.0, 242.0, 408.0],[133152, 122283, 122283, 114130, 124999, 134511],[7664, 480, 14268, 14389, 5251, 750],42,80,800,5,20
9,178,19.0,[289.0, 84.0, 1508.0, 161.0, 242.0, 408.0],[141474, 129925, 129925, 121263, 132812, 142918],[7664, 480, 14268, 14389, 5251, 750],42,80,800,5,20
9,179,20.0,[289.0, 84.0, 1508.0, 161.0, 242.0, 408.0],[149796, 137568, 137568, 128397, 140624, 151325],[7664, 480, 14268, 14389, 5251, 750],42,80,800,5,20
9,180,21.0,[289.0, 84.0, 1508.0, 161.0, 242.0, 408.0],[149796, 137568, 137568, 128397, 140624, 151325],[7664, 480, 14268, 14389, 5251, 750],42,80,800,5,20
10,181,2.0,[0.0, 0.0, 0.0, 0.0, 0.0, 0.0],[0, 0, 0, 0, 0, 0],[0, 0, 0, 0, 0, 0],42,80,800,5,20
10,182,3.0,[342.0, 344.0, 426.0, 367.0, 72.0, 297.0],[7048, 7897, 7048, 7727, 6963, 7048],[994, 1382, 990, 810, 120, 900],42,80,800,5,20
10,183,4.0,[399.0, 344.0, 687.0, 575.0, 844.0, 620.0],[14096, 15794, 14096, 15455, 13926, 14096],[1387, 1382, 2046, 1614, 821, 1799],42,80,800,5,20
10,184,5.0,[706.0, 344.0, 781.0, 575.0, 871.0, 720.0],[21144, 23692, 21144, 23182, 20890, 21144],[1996, 1382, 2445, 1614, 1262, 2317],42,80,800,5,20
10,185,6.0,[1434.0, 344.0, 814.0, 575.0, 1078.0, 720.0],[28193, 31589, 28193, 30910, 27853, 28193],[6322, 1382, 2501, 1614, 5504, 2317],42,80,800,5,20
10,186,7.0,[1208.0, 344.0, 814.0, 575.0, 991.0, 720.0],[35241, 39487, 35241, 38638, 34816, 35241],[16507, 1382, 2501, 1614, 14135, 2317],42,80,800,5,20
10,187,8.0,[792.0, 344.0, 814.0, 575.0, 991.0, 720.0],[42289, 47384, 42289, 46365, 41780, 42289],[26331, 1382, 2501, 1614, 14135, 2317],42,80,800,5,20
10,188,9.0,[690.0, 344.0, 814.0, 575.0, 991.0, 450.0],[49337, 55282, 49337, 54093, 48743, 49337],[30832, 1382, 2501, 1614, 14135, 4361],42,80,800,5,20
10,189,10.0,[612.0, 344.0, 814.0, 575.0, 991.0, 450.0],[56386, 63179, 56386, 61820, 55706, 56386],[35873, 1382, 2501, 1614, 14135, 4361],42,80,800,5,20
10,190,11.0,[612.0, 344.0, 814.0, 575.0, 991.0, 450.0],[63434, 71077, 63434, 69548, 62670, 63434],[35873, 1382, 2501, 1614, 14135, 4361],42,80,800,5,20
10,191,12.0,[612.0, 344.0, 814.0, 575.0, 991.0, 450.0],[70482, 78974, 70482, 77276, 69633, 70482],[35873, 1382, 2501, 1614, 14135, 4361],42,80,800,5,20
10,192,13.0,[612.0, 344.0, 814.0, 575.0, 991.0, 450.0],[77530, 86872, 77530, 85003, 76596, 77530],[35873, 1382, 2501, 1614, 14135, 4361],42,80,800,5,20
10,193,14.0,[612.0, 344.0, 814.0, 575.0, 991.0, 450.0],[84579, 94769, 84579, 92731, 83560, 84579],[35873, 1382, 2501, 1614, 14135, 4361],42,80,800,5,20
10,194,15.0,[612.0, 344.0, 814.0, 575.0, 991.0, 450.0],[91627, 102666, 91627, 100459, 90523, 91627],[35873, 1382, 2501, 1614, 14135, 4361],42,80,800,5,20
10,195,16.0,[612.0, 344.0, 814.0, 575.0, 991.0, 450.0],[98675, 110564, 98675, 108186, 97486, 98675],[35873, 1382, 2501, 1614, 14135, 4361],42,80,800,5,20
10,196,17.0,[612.0, 344.0, 814.0, 575.0, 991.0, 450.0],[105723, 118461, 105723, 115914, 104450, 105723],[35873, 1382, 2501, 1614, 14135, 4361],42,80,800,5,20
10,197,18.0,[612.0, 344.0, 814.0, 575.0, 991.0, 450.0],[112772, 126359, 112772, 123641, 111413, 112772],[35873, 1382, 2501, 1614, 14135, 4361],42,80,800,5,20
10,198,19.0,[612.0, 344.0, 814.0, 575.0, 991.0, 450.0],[119820, 134256, 119820, 131369, 118376, 119820],[35873, 1382, 2501, 1614, 14135, 4361],42,80,800,5,20
10,199,20.0,[612.0, 344.0, 814.0, 575.0, 991.0, 450.0],[126868, 142154, 126868, 139097, 125340, 126868],[35873, 1382, 2501, 1614, 14135, 4361],42,80,800,5,20
10,200,21.0,[612.0, 344.0, 814.0, 575.0, 991.0, 450.0],[126868, 142154, 126868, 139097, 125340, 126868],[35873, 1382, 2501, 1614, 14135, 4361],42,80,800,5,20
