Iteration,Step,Reward,Pe,Latency,Throughput,PTX,Bw
1,1,-19,0.015817792747820962,6.709002065098698,59.56722833813602,19,20
1,2,-20,0.019743562262428852,2.48217517806812,99.00299223852963,20,20
1,3,-20,0.012528012959346604,6.248858411005279,91.20187127360026,20,40
1,4,-19,0.0035361571790154126,2.715475538292847,76.2317902334001,19,40
1,5,-100,0.02263702097793423,4.601385803741074,64.72871962973905,19,80
1,6,-19,0.007632756491059595,7.086747118297058,61.52070996699669,19,160
1,7,-19,0.012420663920229077,2.368051341700598,93.70787918612916,19,320
1,8,-19,0.0050938565214563355,3.2327260186299513,54.53834937528218,19,160.0
1,9,-20,0.016247815643791404,5.456614099348688,50.90663388255798,20,160.0
1,10,-100,0.020769260632681457,5.0476740775432285,57.42307214676764,20,320.0
1,11,-20,0.005565385234760379,4.426265154232426,76.02079377560106,20,640.0
1,12,-20,0.002474226309426051,2.2861789339300933,55.43716309323993,20,1280.0
1,13,-21,0.012863095024392899,7.838746855046023,65.05762638716004,21,1280.0
1,14,-21,0.006413550118376838,8.981394309228863,58.22319095770368,21,2560.0
1,15,-100,0.02772513233116645,2.1650149168911677,94.01446505278008,21,5120.0
1,16,-21,0.008376040970500459,5.163336337183015,56.85352335425391,21,2560.0
1,17,-22,0.0010476678690692289,8.452673322955839,66.71377915775471,22,2560.0
1,18,-23,0.016653674016914748,8.731003454826725,78.2500419423123,23,2560.0
1,19,-100,0.023964023582014788,7.401534998136185,94.8700302402437,23,1280.0
1,20,-24,0.017816316753111423,3.0022636056895746,65.11252180918787,24,1280.0
1,21,-24,0.0017505981091059967,3.570332547057278,96.84418533138833,24,2560.0
1,22,-24,0.0022676863243977245,4.084275130842601,98.0170645064342,24,1280.0
1,23,-23,0.0072649177602979904,3.716722538167298,61.052444528123964,23,1280.0
1,24,-23,0.01032938322064818,1.3675101202518452,60.11239596679616,23,640.0
1,25,-100,0.020397025241487527,9.449116685770349,90.0521271344813,24,640.0
1,26,-23,0.011613046721464744,2.392326859609601,80.12981683866721,23,640.0
1,27,-100,0.023557498145755505,6.811293640723963,52.87540773640724,24,640.0
1,28,-25,0.0051108124817976705,9.389793215867504,91.0742530803213,25,640.0
1,29,-25,0.0018415795421224954,2.763724943811379,79.68399378754947,25,1280.0
1,30,-26,0.019100630014402487,7.3285723717732125,85.08549730655791,26,1280.0
1,31,-100,0.02665881502897138,8.650802858386191,58.02346510720207,26,2560.0
1,32,-25,0.012686015001422532,1.69937486615418,96.63535437211695,25,2560.0
1,33,-100,0.025832323272440255,1.598651713287393,81.58895346269769,25,1280.0
1,34,-26,0.006936517991948648,4.648571076860879,82.23670449821745,26,1280.0
1,35,-25,0.012317006487094077,9.385833490242664,65.90483942634016,25,1280.0
1,36,-100,0.02740347474434897,6.444340076797878,53.19826907799059,25,640.0
1,37,-24,0.0017029469031689113,8.202776549023444,99.07642758725991,24,640.0
1,38,-23,0.0022287240460169633,9.847833992481524,58.033724072018146,23,640.0
1,39,-23,0.0162038884506309,8.841170791659387,58.22139766511402,23,320.0
1,40,-100,0.02956767008461643,5.859402185354803,56.244941413347846,23,640.0
1,41,-24,0.009993174781722883,1.0741771050655642,50.53715885931673,24,640.0
1,42,-100,0.02309576409716884,5.17520861305999,74.01408071729213,24,1280.0
1,43,-25,0.010170328025984728,5.467093905525025,51.534789663554406,25,1280.0
1,44,-100,0.025832822287427476,5.579061407878609,78.80586220402581,25,2560.0
1,45,-100,0.022561830135716436,4.627372340848197,71.00970974701684,25,5120.0
1,46,-24,0.01887593408161651,3.357047427053734,58.735312272138486,24,5120.0
1,47,-100,0.021282946016983044,5.150874641832035,92.90027908142298,24,2560.0
1,48,-24,0.010640405791683665,8.497625443342994,95.47699311346807,24,1280.0
1,49,-23,0.0011992360898931873,9.5832488298831,72.67269107838072,23,1280.0
1,50,-22,0.008889213945883438,5.760436128558838,56.83638456209982,22,1280.0
1,51,-23,0.010694214282209053,3.369644743128837,88.21573975185262,23,1280.0
1,52,-24,0.014171358820634038,5.368817166786574,99.97339097672656,24,1280.0
1,53,-24,0.013380664046770999,4.679757699114158,99.78360848580925,24,640.0
1,54,-23,0.007091058419382618,9.059680327625626,56.153676547994905,23,640.0
1,55,-100,0.02026547232908377,1.7477074243567856,80.60600439441455,24,640.0
1,56,-24,0.00828782698119036,6.015830236830399,50.67341898119126,24,1280.0
1,57,-100,0.0236339971166112,4.457308688464414,87.92289173851495,23,1280.0
1,58,-100,0.024996163215972526,7.06618003262718,80.08282793226752,22,1280.0
1,59,-22,0.0005587803074829489,5.44429528643166,88.26020797942385,22,640.0
1,60,-22,0.00689261505924527,1.0766378969357646,65.29516891153031,22,1280.0
1,61,-22,0.0051193756069598875,9.91329095178126,69.15981712701351,22,2560.0
1,62,-21,0.016046493133721515,6.409231670229473,70.80149917937702,21,2560.0
1,63,-22,0.0040236081007475845,4.979756090629349,53.97549726895386,22,2560.0
1,64,-100,0.025888903532694556,2.2518144645445686,94.44683665076819,21,2560.0
1,65,-100,0.025995624220858493,6.26694162613212,94.42730770247763,21,1280.0
1,66,-100,0.020060364284146807,7.991404547611487,74.63110515369395,22,1280.0
1,67,-23,0.0007420935648885276,3.449002770248936,62.55272867638845,23,1280.0
1,68,-23,0.015490068996689022,2.580050480062888,66.60304847660697,23,640.0
1,69,-23,0.009992972544588615,4.691529547667216,99.47001571405272,23,1280.0
1,70,-100,0.02036226964500261,3.8122988680081926,76.17236759675343,23,2560.0
1,71,-23,0.015178414139268495,9.3924575994424,83.81561445117265,23,1280.0
1,72,-22,0.003541693803432182,1.2369196497912962,74.9830808525769,22,1280.0
1,73,-100,0.029846014976398907,4.031218379960509,73.72023620886387,23,1280.0
1,74,-24,0.015404715824562251,4.7836602052354955,89.09954995647186,24,1280.0
1,75,-23,0.001424237013548795,7.705988472412862,82.70475906952277,23,1280.0
1,76,-22,0.011036825799209846,3.978963281397685,66.53207071218239,22,1280.0
1,77,-22,0.00992914827540656,1.6110144271621998,94.90107404278302,22,2560.0
1,78,-21,0.018325080905684334,6.410898358834943,66.68589457540182,21,2560.0
1,79,-100,0.021160446087585688,6.412367618063114,63.1314400947394,20,2560.0
1,80,-21,0.014388814419941385,9.40119730802362,81.52197275291043,21,2560.0
1,81,-21,0.017696219978408815,6.501205405121472,88.78311725850358,21,5120.0
1,82,-100,0.020862802889754947,6.656877960565045,64.63836575274121,21,2560.0
1,83,-21,0.004955891851847586,5.8692028766862006,95.80794475034776,21,1280.0
1,84,-21,0.006514170464789,3.6363403230051636,65.03595503402283,21,2560.0
1,85,-22,0.008417245975340857,7.378973679564987,54.98664925337615,22,2560.0
1,86,-22,0.012469820323857548,8.581029152289418,88.23784285208768,22,5120.0
1,87,-21,0.01804337140609786,9.529548606224179,96.1912272908962,21,5120.0
1,88,-100,0.02730952478219351,7.613670385931011,80.615851614952,21,10240.0
1,89,-22,0.0030455183604462532,2.4240315352066903,99.93329801970566,22,10240.0
1,90,-22,0.011102588943331477,6.419436656178159,79.12027487434548,22,5120.0
1,91,-100,0.028755521536254075,7.628163038596266,76.39412858790601,23,5120.0
1,92,-100,0.024777374878032454,5.07325021154115,78.1731608470862,22,5120.0
1,93,-22,0.0019442145673711064,8.870971054611179,97.0193187041406,22,10240.0
1,94,-100,0.02430524983574274,7.67085081296449,75.35721923233669,23,10240.0
1,95,-23,0.0170068694368069,5.019579689562418,70.6048031536649,23,5120.0
1,96,-23,0.018093619078523814,1.0735400835809092,82.61347597569375,23,2560.0
1,97,-23,0.015364289628325804,3.1353843403020925,75.73995028986464,23,5120.0
1,98,-100,0.0270285231893196,9.549114685909583,97.92885332583286,24,5120.0
1,99,-24,0.004099638447790209,7.251526452529159,92.25202960111943,24,10240.0
1,100,-23,0.01944368143029502,3.340310580220337,68.71611974999999,23,10240.0
2,1,-100,0.023955741190454568,8.281224673353123,61.52897173207478,19,20
2,2,-19,0.008141817171365032,6.201640193402373,89.02211547444165,19,40
2,3,-20,0.016913549209511353,4.784113576522554,54.451195503214564,20,40
2,4,-19,0.01574989143201271,6.652453144401402,86.11507818987437,19,40
2,5,-20,0.010249085080899214,4.527371842616988,71.91203846670047,20,40
2,6,-100,0.02392958546584209,8.241749721695086,80.2610085384589,19,40
2,7,-100,0.026333684544874947,6.136090623995498,76.04715850199256,18,40
2,8,-18,0.01421193753080458,5.131740769309577,67.39248697871558,18,20.0
2,9,-18,0.002359337871612968,1.4131093834838953,70.68885147335436,18,40.0
2,10,-100,0.02020714106915905,6.807198002920727,54.82047313774344,17,40.0
2,11,-17,0.005054475960329784,9.594553250902791,55.02877493799849,17,80.0
2,12,-17,0.005583131385017065,3.080584374541925,98.87824819363857,17,160.0
2,13,-100,0.027859570750560926,2.6361818991590455,75.2503757550553,17,80.0
2,14,-100,0.02207818791414126,5.056855875314515,70.18054630144914,17,40.0
2,15,-16,0.016724747633038092,1.3276126332790648,73.64178534628763,16,40.0
2,16,-15,0.013014950798740795,7.235634437126848,84.07931879811603,15,40.0
2,17,-100,0.028744820641026028,4.516274794032447,52.261561642856904,14,40.0
2,18,-15,0.007195695832656343,3.8272333506032394,56.75800299854567,15,40.0
2,19,-15,0.008595661397155075,8.97565412810397,53.83310540624621,15,20.0
2,20,-15,0.0007984607480658576,2.585334899833625,88.5521121350881,15,10.0
2,21,-15,0.014571932079958981,9.153155365221847,87.03455494386279,15,5.0
2,22,-100,0.020093248784828297,5.723725673196075,98.5356889661376,15,10.0
2,23,-15,0.016726209235346696,6.4933769250715265,66.21848878161333,15,5.0
2,24,-100,0.022393997482659887,3.8924612463247374,72.50637427015042,15,2.5
2,25,-100,0.022740424357226393,4.4536420427378545,63.57985400737432,16,2.5
2,26,-17,0.0072059702820953635,9.875683867063193,70.70401000404175,17,2.5
2,27,-17,0.00968139423453456,7.878562191579623,95.94334590219097,17,5.0
2,28,-17,0.00628478604352075,1.771297599757859,95.93201596757885,17,10.0
2,29,-18,0.004054866209285025,3.1609611450819166,53.75854472308107,18,10.0
2,30,-100,0.02316145651681343,7.970763756692964,81.9822918083491,19,10.0
2,31,-100,0.029205308824274682,9.502526467609481,94.34837390016446,19,5.0
2,32,-18,0.012894522981536392,6.917778038872388,89.8862517879301,18,5.0
2,33,-100,0.028554769637720436,9.198337484748588,62.22455276445856,19,5.0
2,34,-19,0.014507379043968979,4.754101434926984,80.12826398507663,19,10.0
2,35,-18,0.015460423898398287,2.901875456400788,78.81032197907606,18,10.0
2,36,-18,0.014417953724599926,4.085107562367359,89.16786760632925,18,20.0
2,37,-18,0.0028432488663975245,5.814042830906902,69.88694686465197,18,10.0
2,38,-100,0.025673091631919765,9.272681939327413,60.6151721142547,18,20.0
2,39,-100,0.026468350865326486,4.807884594646776,90.58003342246812,19,20.0
2,40,-18,0.015370098185253167,1.2180888090124942,89.69330155298442,18,20.0
2,41,-100,0.024768409775143278,6.730441987616963,65.72538240299063,18,10.0
2,42,-100,0.026914496528920695,6.609232781429844,69.1047959732082,19,10.0
2,43,-20,0.0025971637900455238,3.6195541091573356,98.03031516285697,20,10.0
2,44,-19,0.0009476265775858223,6.597752045417262,81.07040260288525,19,10.0
2,45,-100,0.023908979334068443,7.51162356849057,50.3094921731943,20,10.0
2,46,-100,0.02488079803294725,7.520334278881097,62.44094058629552,19,10.0
2,47,-19,0.016390154796228327,6.7067319835812125,81.09701205158365,19,20.0
2,48,-100,0.021247082909215037,5.811838013449681,98.1239770740265,19,10.0
2,49,-20,0.004268538633466046,1.8268078338994571,62.60580906785157,20,10.0
2,50,-21,0.01201017538630728,1.4888895868950072,64.34937548625649,21,10.0
2,51,-21,0.010113108930722751,6.614678371647804,80.90196175853183,21,5.0
2,52,-100,0.02102031662869142,6.831301676707919,86.19406812554445,21,2.5
2,53,-100,0.025573082808438324,8.912396685391899,99.4706702304397,21,5.0
2,54,-22,0.0017974145379074666,5.861653817098619,52.982517537390045,22,5.0
2,55,-22,0.013076989484012124,2.02125508844912,79.48139074887983,22,10.0
2,56,-21,0.00594052022086633,2.733117586988075,89.0550663123716,21,10.0
2,57,-100,0.026387127849023376,2.195298303470607,89.50869725623198,22,10.0
2,58,-100,0.02192507924524417,8.139941283185816,71.28701194851674,21,10.0
2,59,-20,0.01572324475653754,6.632047787338972,67.80140759766877,20,10.0
2,60,-20,0.003938521027957202,7.978906268735043,71.0520477986499,20,5.0
2,61,-100,0.028965507691127212,1.4753118097083975,70.26381759731133,19,5.0
2,62,-20,0.01471965774412585,2.5782960159320476,55.23121108283937,20,5.0
2,63,-20,0.011379478304020222,2.8797327917241944,72.99518811274059,20,2.5
2,64,-21,0.0022314311789084903,9.150124838624164,96.30194004692477,21,2.5
2,65,-22,0.0008442712649729797,4.958232013262341,51.643654838359005,22,2.5
2,66,-100,0.024960457125572835,9.339371396680257,74.14027805495887,21,2.5
2,67,-100,0.024674064694493552,3.861886178970511,71.48016959931346,21,5.0
2,68,-100,0.027322699854096945,3.8209334599164047,78.27750160022977,20,5.0
2,69,-21,0.007135586428987236,3.5872118834997933,83.77434230151118,21,5.0
2,70,-20,0.006993183622329577,2.040804413170404,69.98853357567648,20,5.0
2,71,-19,0.0008974449924739397,5.636371935968556,86.2251933371449,19,5.0
2,72,-20,0.0011084555572341208,3.738756944936759,80.71858626478709,20,5.0
2,73,-19,0.01351765375464505,5.831807121244379,81.4969384020856,19,5.0
2,74,-19,0.012537747832622351,4.376893893087844,91.7147338364287,19,10.0
2,75,-20,0.010818943958732147,4.657310712391489,93.09556893144585,20,10.0
2,76,-20,0.013755285049500996,9.888511920650451,80.92078491415239,20,5.0
2,77,-21,0.015475080915380371,3.6541211662205297,50.025584784971,21,5.0
2,78,-100,0.02933640936637434,6.636448131445614,84.54663264081051,21,10.0
2,79,-20,0.011970220194284774,6.601653697937303,92.42440919027442,20,10.0
2,80,-100,0.020088669796456415,1.8043556836350543,64.5137457455912,21,10.0
2,81,-21,0.010367592567146222,2.2462506824563,91.07048548889051,21,5.0
2,82,-20,0.014348473659553142,7.467578069605509,70.1659320894431,20,5.0
2,83,-21,0.0006342776707751543,9.01279776835207,85.3217445711094,21,5.0
2,84,-20,0.0009710848546950911,7.195893242076474,74.92280426606251,20,5.0
2,85,-21,0.007926549942420128,9.895940675822871,57.87245853087108,21,5.0
2,86,-100,0.027076829968517256,4.91380122769465,75.28651159271843,21,10.0
2,87,-20,0.016563138216913752,3.3953531061906688,55.92276068557036,20,10.0
2,88,-100,0.020493631598888545,6.6365180130153085,52.06988706794706,21,10.0
2,89,-20,0.01858144955868035,1.9441231131142624,93.42638608004137,20,10.0
2,90,-100,0.023662310717442816,4.612455233280537,60.11389583385675,20,5.0
2,91,-100,0.022626992612974742,2.559912028269547,52.68151086949065,19,5.0
2,92,-18,0.009264967032178974,3.3443162975044953,76.46815406313095,18,5.0
2,93,-18,0.012789471477880858,5.331186985471565,84.32554351221529,18,2.5
2,94,-19,0.015529583987761405,7.957399757182176,99.5839951520837,19,2.5
2,95,-20,0.015386885715616897,8.188092744173147,70.6675629772102,20,2.5
2,96,-19,0.0028266880858553766,1.6219860496429925,87.32409021511887,19,2.5
2,97,-100,0.024413331819937774,6.056016622181657,90.51426011286247,19,5.0
2,98,-18,0.015209657320322558,1.8654014880112473,72.5610788714186,18,5.0
2,99,-19,0.012314029080763433,2.1377306353671903,63.154437705621824,19,5.0
2,100,-19,0.01917581492639353,8.832664318119274,83.23066118489125,19,2.5
3,1,-100,0.02127820403904101,4.093963121785404,88.96942979177786,21,20
3,2,-21,0.012806249662219191,2.5024622778029553,74.27502323627806,21,40
3,3,-22,0.005402464462069472,5.410583747390332,52.23107773810609,22,40
3,4,-21,0.005528458590059258,4.038678441573962,64.23728218458314,21,40
3,5,-100,0.02978459045225103,9.178469540256375,86.29303888398661,22,40
3,6,-22,0.015272288025096253,5.76287747303673,52.030857176564595,22,80
3,7,-21,0.0011568031060415472,8.92314587985021,69.29131279399502,21,80
3,8,-100,0.024115090242944486,6.290540352896521,75.69056962014832,22,80
3,9,-21,0.003731210431268655,9.93991088333745,71.29047906266216,21,80
3,10,-100,0.028575349498739487,9.66257426178166,60.83576526978994,22,80
3,11,-23,0.004814676134766724,9.943332534789683,52.7287197229337,23,80
3,12,-24,0.0011945222109104783,5.903412436406075,53.260012217381856,24,80
3,13,-24,0.007924682096110953,7.977387691612284,88.63095644043246,24,40.0
3,14,-25,0.01498258656527017,8.33435702168611,76.96910701615968,25,40.0
3,15,-100,0.02868041597554562,8.075070546740736,71.17986533847403,26,40.0
3,16,-26,0.004568418258091567,2.827297321601959,75.17709048938437,26,80.0
3,17,-100,0.022317760508851127,7.770167120756386,50.62337189596381,26,160.0
3,18,-100,0.02284672162172987,4.5823034868601535,60.07994924293149,27,160.0
3,19,-28,0.019915455972513558,6.253424749354644,96.58194135701424,28,160.0
3,20,-27,0.010028959752915137,1.7665905064322862,62.24790950834087,27,160.0
3,21,-26,0.007348593847243295,5.674101727823444,74.88826863141688,26,160.0
3,22,-27,0.011578369543129984,7.167445850617714,81.96114199793887,27,160.0
3,23,-100,0.022146188265046895,5.768996604476095,52.44506482390227,28,160.0
3,24,-27,0.018071344208580895,3.7508783986384295,69.58064025307573,27,160.0
3,25,-28,0.013495881082147792,1.6227656759699651,62.133437893789605,28,160.0
3,26,-100,0.027816860689319392,4.644159410593392,79.58897108951756,28,320.0
3,27,-100,0.023798422355643657,2.6360748001786085,88.99461691548495,28,640.0
3,28,-29,0.014448486944471444,9.592690666973743,75.47474141999095,29,640.0
3,29,-100,0.020366580483204187,6.007871502497062,56.68544663872543,29,1280.0
3,30,-29,0.017176457650424075,7.224199643844871,87.13422412938897,29,2560.0
3,31,-30,0.0012740225300284537,5.341955444099137,50.801215382010795,30,2560.0
3,32,-100,0.026691263776911233,2.4991548250373317,75.01443612394623,31,2560.0
3,33,-100,0.026744445147222674,2.3946446432584088,67.01848104900276,31,1280.0
3,34,-31,0.004621659763277263,7.758705219815356,75.69009875556144,31,2560.0
3,35,-31,0.0154757549900772,4.891157016447847,94.15768749736198,31,5120.0
3,36,-32,0.016343777810646092,5.286381286034975,84.57216908149218,32,5120.0
3,37,-31,0.009320658564944427,3.479453098294781,66.77553083969593,31,5120.0
3,38,-32,0.018838064878548888,7.9480057935220465,71.94132672850351,32,5120.0
3,39,-33,0.015193756447067792,1.58335027900223,99.38445465651638,33,5120.0
3,40,-33,0.014930051584818553,3.2393950802212323,74.90322657160863,33,2560.0
3,41,-33,0.007058098757853173,2.3021632985001275,95.83731533182045,33,1280.0
3,42,-34,0.006492319033014683,1.7357032270067294,94.89145983542495,34,1280.0
3,43,-33,0.019366929634726554,7.876994876372319,97.76323988914294,33,1280.0
3,44,-100,0.022811140916190513,6.931968665883624,55.38893700340844,32,1280.0
3,45,-31,0.003608992159253721,5.761201026310109,93.0416033035477,31,1280.0
3,46,-31,0.009194402251167905,4.915442236912174,83.0216623037809,31,640.0
3,47,-31,0.01980095480699214,7.712602313868697,77.76334466135286,31,1280.0
3,48,-30,0.017793296065677717,3.322912078854122,62.027398382500664,30,1280.0
3,49,-100,0.02402457488841302,5.483601724479897,63.150752635766835,31,1280.0
3,50,-100,0.026686962694585776,9.424589251710739,87.41280635192467,30,1280.0
3,51,-100,0.020007733111499924,6.526090589409831,70.93118553048656,30,640.0
3,52,-30,0.0043091136541180625,2.352957217646239,69.15384363858084,30,320.0
3,53,-100,0.029751495511305976,5.788584468418655,71.65028441163739,31,320.0
3,54,-31,0.004094579905045857,8.863529404869285,81.12596114676363,31,160.0
3,55,-100,0.029299832798161986,8.968858013033977,72.4620235464686,32,160.0
3,56,-100,0.02728096657698994,3.0015677149815696,66.63931361548842,31,160.0
3,57,-100,0.02321374069517715,1.5149019499872787,57.22119428953363,32,160.0
3,58,-100,0.029989111411670464,9.774051076563328,58.197859655138295,33,160.0
3,59,-33,0.018547032437870987,1.5878820194902115,94.16673380081691,33,320.0
3,60,-32,0.014543901681530767,6.494367183380247,50.389467363943815,32,320.0
3,61,-32,0.007871189779941948,7.885474615916538,95.48792747756569,32,160.0
3,62,-33,0.011655312228410824,8.298872818263483,85.7412200502954,33,160.0
3,63,-32,0.016329891994383106,4.548208203618113,94.60271849132133,32,160.0
3,64,-32,0.009561555408686783,8.118608216233147,98.75737193000423,32,80.0
3,65,-31,0.019064383355938682,9.748833176992195,62.0385888305819,31,80.0
3,66,-100,0.02133157228349626,7.241248776916519,79.8769941346581,32,80.0
3,67,-100,0.02640998269575579,1.4502639834753066,74.37175985633495,32,40.0
3,68,-32,0.008096470841186426,7.19519670715585,67.20456139449547,32,80.0
3,69,-100,0.022725422236336532,6.020832707238732,71.91795383245272,32,160.0
3,70,-32,0.017054157352805698,1.4889558540239065,85.83192358641105,32,320.0
3,71,-100,0.02547882341781321,3.328308115681401,86.05259332304908,31,320.0
3,72,-31,0.004082441828971939,4.17094854934496,66.44619836689489,31,160.0
3,73,-100,0.025364667515000074,2.3414417452611547,90.72847759728504,31,320.0
3,74,-100,0.024163528841367365,9.826397289956322,59.23349840600596,30,320.0
3,75,-30,0.0032118246618814445,7.590920217974978,54.09853784782292,30,640.0
3,76,-29,0.013251817557191237,7.940929401264811,98.42505589673733,29,640.0
3,77,-100,0.02250299448433712,3.4823690437360266,65.29226275809813,29,320.0
3,78,-29,0.01958791481521357,7.790827220634863,59.201041466266915,29,160.0
3,79,-29,0.017048381160423315,9.743585553253926,58.89337587945674,29,320.0
3,80,-30,0.018741916380564338,4.784858234192765,84.86117216808452,30,320.0
3,81,-29,0.010267145089245335,2.8264228627045664,88.19642916038043,29,320.0
3,82,-100,0.028812834592470745,5.897141243021878,77.42887495020486,28,320.0
3,83,-27,0.0033991492503061653,7.994455372576941,58.52634312352848,27,320.0
3,84,-27,0.01880872217469205,3.6366030016499575,84.52771101164291,27,160.0
3,85,-100,0.02580936586260723,2.033847280732939,98.71729956034177,26,160.0
3,86,-100,0.027369240954676292,7.722509427130034,79.57966977660459,26,320.0
3,87,-26,0.001584159249871746,4.003550648874405,84.23733712039112,26,640.0
3,88,-26,0.010637872587083765,4.323368470220313,60.544591860033634,26,1280.0
3,89,-25,0.019276465658253333,1.9764652540163832,90.02913201572053,25,1280.0
3,90,-100,0.02591025134136027,3.5878856883271038,58.5632001264266,25,2560.0
3,91,-24,0.016836068081968573,7.971809690510521,66.35407535297811,24,2560.0
3,92,-25,0.014791039491376697,2.5507405209171847,58.48596778533639,25,2560.0
3,93,-25,0.010023815351204071,5.8636199325497085,59.59287759641724,25,5120.0
3,94,-25,0.00946289715543165,2.0107881707201125,80.7526338012411,25,10240.0
3,95,-25,0.00397261860910161,7.766617968871633,65.1668248827504,25,5120.0
3,96,-26,0.014698133535994463,5.005575930595854,62.746647019054926,26,5120.0
3,97,-100,0.023990677467103018,4.5442947231737225,59.04959224094354,26,10240.0
3,98,-100,0.025860003401127003,7.918881207658251,97.14534289683043,26,5120.0
3,99,-27,0.018658480115244677,3.5954942992969476,97.04965912824213,27,5120.0
3,100,-27,0.0014202859094779063,6.930986010531008,78.68833340966916,27,2560.0
4,1,-20,0.01707933653956078,1.7698511750315746,91.23338386003337,20,10.0
4,2,-20,0.013407170788070655,5.401399450514593,77.85444973701067,20,20.0
4,3,-21,0.01803507470246506,7.6230080956175765,79.28940414602437,21,20.0
4,4,-22,0.012166707961855297,6.498921604761362,50.07643940650478,22,20.0
4,5,-100,0.026206883099426967,9.76045799618757,75.23769104420873,23,20.0
4,6,-22,0.0012215342757248848,1.692936896865354,70.49754498538965,22,20.0
4,7,-100,0.028100628804705437,2.8777364029689543,94.0861787450491,21,20.0
4,8,-21,0.0066702850213472,7.2586188347544285,50.17981896890989,21,40.0
4,9,-21,0.01715686750566301,5.043887918637031,92.13198019242344,21,80.0
4,10,-21,0.001835985833292634,9.591820755506681,76.46726205789336,21,160.0
4,11,-21,0.014172167517049965,9.084711906252346,79.02387379955688,21,320.0
4,12,-21,0.010055864648488662,6.020798743928101,94.39224136039562,21,640.0
4,13,-21,0.014171867156666703,3.447103815418881,60.81786020952413,21,1280.0
4,14,-20,0.011331520397980046,4.347592821382343,82.57484387567078,20,1280.0
4,15,-20,0.016516773921368078,2.6765338431421797,56.622372962689745,20,2560.0
4,16,-21,0.00968099568964134,1.8454731958429915,72.35625990292694,21,2560.0
4,17,-100,0.0270588838342417,7.842238143475319,68.45606323769039,21,5120.0
4,18,-21,0.007394259827403557,5.830320418655097,81.02779124751142,21,2560.0
4,19,-22,0.010320457963141337,9.508581379237448,80.96115326676924,22,2560.0
4,20,-22,0.0022775275077469934,7.195596722005549,76.99821897970217,22,5120.0
4,21,-23,0.0030841560349727983,5.893289400965721,64.04278153566952,23,5120.0
4,22,-100,0.02963678103243712,8.484667206834857,67.37921381587759,24,5120.0
4,23,-100,0.028121573493482082,7.546432979082628,79.05638750730722,24,10240.0
4,24,-24,0.001697522596838675,6.714396913547348,96.61625741122089,24,5120.0
4,25,-24,0.008309352879521247,2.53094614821321,89.18743972583341,24,10240.0
4,26,-100,0.026530603794634632,6.410394542560047,88.81432275539233,25,10240.0
4,27,-25,0.006248631850160034,7.2857320186196874,56.97056800246919,25,20480.0
4,28,-100,0.02117496358188713,8.608235251240965,88.11606692613603,24,20480.0
4,29,-24,0.003325597655239996,7.1733696225011325,91.34248047740391,24,40960.0
4,30,-24,0.0005629444827896617,4.898752734228976,88.85767558319984,24,20480.0
4,31,-100,0.02144807344963812,1.304274226056259,89.25503025267295,25,20480.0
4,32,-100,0.022870958710710515,8.725499673793578,77.88380278377433,25,40960.0
4,33,-26,0.000505082748473796,9.82940308163807,53.80258827299168,26,40960.0
4,34,-26,0.016707410057198845,5.312733201236689,64.69140482701968,26,20480.0
4,35,-100,0.02198624206276363,9.5070283654722,59.74608014384111,25,20480.0
4,36,-25,0.005079518223770497,4.970031871902148,77.84036183579565,25,10240.0
4,37,-100,0.022867619993270593,7.297698719385218,92.89861841054127,25,20480.0
4,38,-24,0.008914648615942242,1.1826761555334917,59.922032508711254,24,20480.0
4,39,-100,0.029308753334722364,6.854476724835597,57.3347966027665,23,20480.0
4,40,-100,0.025592702696050598,2.613658339547259,78.068404912207,24,20480.0
4,41,-23,0.0030047795779712776,3.1785439292714437,61.85576729928811,23,20480.0
4,42,-100,0.023640073573884708,9.767145694010571,93.01689662145849,24,20480.0
4,43,-100,0.022155020286921796,2.867415962582758,92.6587291739595,23,20480.0
4,44,-22,0.002088676872409533,5.838325997721432,54.350266282852196,22,20480.0
4,45,-23,0.01247659463545016,9.732210205034622,91.17802769729073,23,20480.0
4,46,-100,0.024115672128750477,2.943108846548317,56.044733781171516,23,10240.0
4,47,-22,0.0029759880674284003,7.419248089466564,52.83865555460328,22,10240.0
4,48,-22,0.0029922149291859196,8.377788687512776,55.58999284278146,22,5120.0
4,49,-22,0.004571454471418039,6.107952859999436,75.80817518893213,22,10240.0
4,50,-22,0.0020497196176880597,4.709414176139473,96.17044112097673,22,5120.0
4,51,-100,0.027367280697004833,9.402040281431283,97.3256342007195,22,2560.0
4,52,-22,0.013082802814977054,8.56921892664867,84.96494369379218,22,5120.0
4,53,-22,0.01573785888154581,8.367136987408834,51.234424474933974,22,10240.0
4,54,-22,0.0055526971419930845,8.311484327582017,87.47403977576931,22,20480.0
4,55,-100,0.02794375611260997,6.812399454410752,64.73266716268692,22,40960.0
4,56,-100,0.028959110162795607,3.7603740555978526,84.33239280966646,22,81920.0
4,57,-22,0.0074581202421363305,7.523426178053449,95.02318099712934,22,163840.0
4,58,-21,0.0039986343889089546,3.5352241293006843,58.45441736101667,21,163840.0
4,59,-100,0.024411408439225245,8.221090399336777,78.00412777795194,21,81920.0
4,60,-20,0.008316650706613088,1.24064582741671,94.19241232649946,20,81920.0
4,61,-21,0.003107424526708338,8.169276610249998,63.211077134035605,21,81920.0
4,62,-100,0.026156564034404698,5.692675757448647,65.70818601668213,21,40960.0
4,63,-100,0.02994974553531953,4.166221629582661,52.52815738392953,21,20480.0
4,64,-100,0.02376746612252179,6.693624651951924,74.7900679217071,22,20480.0
4,65,-22,0.018584181775665926,3.880377738152041,93.31084702212442,22,10240.0
4,66,-21,0.017209578286829442,8.227240494311614,96.47703941099041,21,10240.0
4,67,-21,0.015385160993647421,5.662197678574026,56.70872752385228,21,20480.0
4,68,-20,0.00930217623665242,1.2268917637701555,89.47924516851617,20,20480.0
4,69,-100,0.02296071855272701,8.133948630461376,88.37400344191272,20,10240.0
4,70,-20,0.0009523390053990479,2.9812637818422143,75.37552171382578,20,20480.0
4,71,-19,0.007863127291474061,9.039125691556594,70.40257762791313,19,20480.0
4,72,-18,0.008624053380952935,9.067441119459948,53.93483654979876,18,20480.0
4,73,-100,0.02240272118150724,4.079179603943057,93.70722148082942,19,20480.0
4,74,-19,0.0172818865854791,8.092366567900434,79.05988419188611,19,40960.0
4,75,-100,0.021262327401844475,4.075878271198719,95.39790051606062,18,40960.0
4,76,-19,0.0014837621524776941,4.969764306432254,64.72159347066011,19,40960.0
4,77,-19,0.0037785297122030067,6.216992650769679,69.46367505194448,19,81920.0
4,78,-19,0.00971787928204709,4.564143837137335,51.96993812852482,19,163840.0
4,79,-19,0.00794082181307746,7.289408848790485,51.053579606262076,19,81920.0
4,80,-18,0.006090306325282093,9.255513959183105,83.19803504492936,18,81920.0
4,81,-17,0.004536218307250173,6.541504926745232,92.70822981381595,17,81920.0
4,82,-16,0.013770648028314146,5.676261357566271,57.819235931095974,16,81920.0
4,83,-15,0.006048542405366198,3.1108795178559623,68.51489455066815,15,81920.0
4,84,-100,0.026609747970020473,4.440487715850292,56.34420646692638,15,40960.0
4,85,-15,0.0034192676007788296,7.008192713524554,50.065800492224675,15,20480.0
4,86,-16,0.016759844471575632,5.367107348724058,72.27040852319078,16,20480.0
4,87,-100,0.02915763430664907,2.4810810061102906,57.29675240943143,17,20480.0
4,88,-18,0.0022056553874714364,9.297824396271665,59.81943429358873,18,20480.0
4,89,-19,0.006078653433180748,8.574481105244416,85.85054587087456,19,20480.0
4,90,-100,0.024429492367169084,9.200891614524952,96.86795800757486,18,20480.0
4,91,-100,0.02145241415299029,8.701391765408495,84.02791012895432,18,40960.0
4,92,-19,0.0024175874201877376,8.775685060538358,53.848138583953045,19,40960.0
4,93,-100,0.02695806794496529,9.013265013304824,82.99003929269247,19,20480.0
4,94,-100,0.02424712583463454,8.117725423890978,52.2581057854862,19,10240.0
4,95,-20,0.008613256204070803,8.866704046536789,52.03621080032546,20,10240.0
4,96,-100,0.02205665365480434,9.546656505776898,78.51881203340268,21,10240.0
4,97,-21,0.01855720789929539,3.6407067594452283,63.769934174541135,21,5120.0
4,98,-22,0.0015185101309235752,7.493631625322503,76.45839655642368,22,5120.0
4,99,-23,0.01859837631034802,3.4432424278273053,56.654244848991766,23,5120.0
4,100,-22,0.0024918804070090082,5.823122579344261,61.14709637521055,22,5120.0
5,1,-20,0.013248024327086085,1.8177306790568912,97.41702521223775,20,10.0
5,2,-100,0.02922167736950028,9.200215404461225,80.20966567007564,19,10.0
5,3,-20,0.017391890924275455,3.054038985142686,91.79972517478046,20,10.0
5,4,-20,0.004165479076020699,5.4144391227771775,88.8084072704025,20,5.0
5,5,-19,0.007376201596174444,4.123499813834308,50.12586131372336,19,5.0
5,6,-20,0.018939290531143294,6.669109737960232,69.59958285953972,20,5.0
5,7,-19,0.006337604738421661,5.44862629192086,95.76412337216907,19,5.0
5,8,-100,0.024706276003071473,4.384211052018439,89.04148571051641,19,2.5
5,9,-18,0.017272026387442487,1.2770760681456845,94.14015197171392,18,2.5
5,10,-19,0.017709623661701663,1.7089482286247877,67.84279866891391,19,2.5
5,11,-19,0.013909197629420873,6.983730396675542,91.39527249970256,19,1.25
5,12,-20,0.005393648787869345,9.041751096369543,67.21934180122535,20,1.25
5,13,-100,0.026545100774041538,7.170576021819026,71.30062424231083,19,1.25
5,14,-20,0.007878133687864408,8.458787648460683,80.35884516062222,20,1.25
5,15,-20,0.0006627302416239776,3.4149380749556624,72.43890520348157,20,0.625
5,16,-20,0.017970109828018443,1.280658921943656,96.90762484245005,20,1.25
5,17,-21,0.009984897043414548,6.443537358209127,95.39264298785268,21,1.25
5,18,-21,0.002243909855880999,7.229709311446563,62.38907935710294,21,2.5
5,19,-21,0.002293714926964183,7.13010334426057,81.0424571945698,21,5.0
5,20,-22,0.007761872995001827,3.0057977420851367,56.38384723711029,22,5.0
5,21,-22,0.013016211484950689,5.01900743118805,67.8610743824978,22,2.5
5,22,-23,0.013801052242759723,9.408765631653083,52.03649402501634,23,2.5
5,23,-100,0.02964284177015032,3.0780963547907434,59.76455813305383,22,2.5
5,24,-100,0.024913752729636293,8.862088913699031,57.734401158677166,22,1.25
5,25,-21,0.006892751140103202,9.366180301411617,55.056306698056936,21,1.25
5,26,-22,0.014486535795394655,2.003732759022743,69.77464560319405,22,1.25
5,27,-100,0.026748563186736806,7.620258279625933,60.74865922362054,22,0.625
5,28,-21,0.004872319274386834,4.89176252232568,86.4377808537023,21,0.625
5,29,-20,0.016387483136152674,4.88719611276029,99.91422401880143,20,0.625
5,30,-19,0.01615039600795521,3.5920876582654158,56.354240356034666,19,0.625
5,31,-100,0.022952552930271458,5.99463274314933,67.86284160131724,18,0.625
5,32,-19,0.015033143113101879,3.8169295764760123,78.57111491689903,19,0.625
5,33,-19,0.015303998186938065,2.7748183476056663,84.03228930189027,19,1.25
5,34,-19,0.010011382768826703,8.762708424215182,97.83509821448874,19,2.5
5,35,-19,0.0198393311782419,3.9047403768241846,61.65938047404214,19,1.25
5,36,-20,0.016371658613898343,9.72496663618006,91.43061454150232,20,1.25
5,37,-21,0.015059913357609603,8.551105711118819,98.44133777114763,21,1.25
5,38,-100,0.027808378752290083,5.367867169171004,90.27576342389088,21,0.625
5,39,-21,0.014756794021553471,5.430346535988343,56.72384954716219,21,0.3125
5,40,-20,0.0072645218569734726,2.977633247115995,90.77903872343666,20,0.3125
5,41,-100,0.02059885709230486,9.45421292974267,75.57142822457784,19,0.3125
5,42,-100,0.026894637419419325,4.467574364851696,59.93397345364991,19,0.625
5,43,-100,0.021697459307898292,5.961630208416336,60.67442213272384,20,0.625
5,44,-100,0.021683845885714013,9.942133221059702,61.60486081341028,21,0.625
5,45,-21,0.007079228522158273,3.2115200383916784,87.05175793671114,21,0.3125
5,46,-21,0.016036729300822186,6.458265848413333,99.54636855134515,21,0.15625
5,47,-100,0.02592227796544373,2.671721641190657,71.49052578195327,20,0.15625
5,48,-100,0.022443178118038035,9.185968304586709,96.4953517285404,21,0.15625
5,49,-21,0.009764484982921989,9.498581301874614,82.16445458970813,21,0.3125
5,50,-100,0.026949886953912074,5.551836575891787,92.38908395188682,21,0.15625
5,51,-21,0.018749266650652453,6.7710656214198695,81.9378801467069,21,0.078125
5,52,-20,0.005239833466884978,8.691255090199544,67.6544379445652,20,0.078125
5,53,-20,0.010788122348823809,2.563309519272624,78.29081255880727,20,0.0390625
5,54,-20,0.01944488726526375,7.283383239892656,61.07780216272008,20,0.01953125
5,55,-100,0.022310580185942237,1.4021712411955023,57.24419555730102,20,0.009765625
5,56,-20,0.005178259855778971,1.9441412436194327,80.4529711645624,20,0.0048828125
5,57,-100,0.0288525004105564,7.360021317531465,93.0698407863124,19,0.0048828125
5,58,-18,0.01073824009706599,5.715709085100279,78.36989937947182,18,0.0048828125
5,59,-18,0.019453348938223737,3.312090100307141,62.998928480245745,18,0.00244140625
5,60,-17,0.007818257204926798,5.496759003048002,52.18496374198008,17,0.00244140625
5,61,-17,0.01455121999168405,5.37699988138239,80.83706995441563,17,0.0048828125
5,62,-16,0.0036779507098937255,8.55709686081251,80.6972433648016,16,0.0048828125
5,63,-100,0.0206682532011384,6.284840081289683,89.82433674952406,15,0.0048828125
5,64,-15,0.0008175239150411593,5.834019719696798,67.99548763386238,15,0.009765625
5,65,-100,0.024764337279277068,3.681231862015821,65.99652624358647,15,0.0048828125
5,66,-14,0.0107184038876815,1.4431102066960555,67.53398154131759,14,0.0048828125
5,67,-100,0.021599607320836843,3.177517174434241,74.80340118668116,15,0.0048828125
5,68,-15,0.00803965430585023,2.014095868434722,89.35328139765213,15,0.009765625
5,69,-16,0.013363176432624442,8.246204280218048,98.29750750064414,16,0.009765625
5,70,-16,0.01417798627313394,1.581038424086425,98.1329608803314,16,0.0048828125
5,71,-100,0.026721916357292402,3.5134667973632188,88.66257988642415,15,0.0048828125
5,72,-16,0.011551704605695752,9.896780435757819,69.64860807749787,16,0.0048828125
5,73,-17,0.005939486907460599,8.951868230619061,92.56194019761216,17,0.0048828125
5,74,-17,0.005261357708127098,1.9420816886859118,74.75175753460434,17,0.00244140625
5,75,-18,0.013469555407472151,8.252943757936862,80.96800177395342,18,0.00244140625
5,76,-18,0.009735603315868088,1.702147862910668,77.23169799497524,18,0.0048828125
5,77,-19,0.011626021227859256,5.988036506344909,94.68903970286121,19,0.0048828125
5,78,-100,0.02701796849001111,5.425685565174891,54.613279921507804,19,0.009765625
5,79,-100,0.023481800294585783,6.164574777607241,59.4704759712478,19,0.01953125
5,80,-19,0.017318918536174382,8.519808139160684,80.35628205194104,19,0.009765625
5,81,-100,0.02976198933725484,3.200968436926468,90.21590180423611,20,0.009765625
5,82,-100,0.029052225394663938,8.20611922823667,87.53762361014576,21,0.009765625
5,83,-100,0.024355791246935758,6.668818422555274,99.81255089249656,22,0.009765625
5,84,-21,0.004260092381102707,6.921132602732914,55.45951314383068,21,0.009765625
5,85,-22,0.009002201993108297,3.3341472778886465,99.7806544751131,22,0.009765625
5,86,-22,0.007602391197904205,3.636841660203562,55.1767610907674,22,0.01953125
5,87,-23,0.010491403961877172,6.436923942502291,56.63080925465356,23,0.01953125
5,88,-24,0.012235774573830236,8.997793362701609,66.26164484434312,24,0.01953125
5,89,-100,0.029963103238509533,7.341954803226475,89.51884578244412,23,0.01953125
5,90,-100,0.02440590859411766,1.969858678605539,97.63747078132167,24,0.01953125
5,91,-24,0.013419429575340593,3.2620776919271393,59.52680477796492,24,0.009765625
5,92,-100,0.02563458894464747,4.6634642404148465,66.87407286241239,23,0.009765625
5,93,-23,0.0062801049806049496,6.700181664106572,75.95075928012079,23,0.0048828125
5,94,-23,0.008912430476383595,8.888755403112164,58.5001363003353,23,0.00244140625
5,95,-100,0.027256934218411792,8.45691003271361,60.967048314651535,22,0.00244140625
5,96,-100,0.028818132882323124,5.77915103100525,54.802420100160816,23,0.00244140625
5,97,-23,0.008272382496817285,4.9645820625238715,64.01219002801525,23,0.001220703125
5,98,-100,0.025035728100685373,2.452725410461068,77.57127294557883,22,0.001220703125
5,99,-22,0.007594474481389396,5.012987062377,68.70922703414416,22,0.00244140625
5,100,-23,0.0020163919526498585,8.656135807158055,65.4637142128385,23,0.00244140625
6,1,-100,0.022787924508750376,1.8288157084464784,93.77843731385889,20,10.0
6,2,-20,0.008395864887993943,1.1533150387226132,70.23574958514537,20,20.0
6,3,-100,0.021490988989695054,6.220975916081668,85.74248629882747,20,40.0
6,4,-100,0.027430486101633674,4.038693116828647,62.191932753014186,20,80.0
6,5,-20,0.007315829898385142,8.936839269951136,57.284834468886906,20,160.0
6,6,-20,0.002040467559982998,7.601373929538428,98.77490619967801,20,80.0
6,7,-21,0.011082064407042822,8.515815390703924,86.34179476132874,21,80.0
6,8,-21,0.0023872104843548044,6.83794381748922,82.17821272858669,21,160.0
6,9,-100,0.023614059933369822,1.3812009793522737,81.32470860811026,21,80.0
6,10,-22,0.005892874262175947,9.79212263016307,73.456722540362,22,80.0
6,11,-100,0.027034276267202395,1.2093235486995646,56.239765004778654,23,80.0
6,12,-23,0.011384018021894437,3.0679186235470786,85.34041485193816,23,40.0
6,13,-23,0.005225639496251136,4.134386069014614,79.35970211161855,23,20.0
6,14,-24,0.01096977416336915,4.307146005080467,97.1734373699818,24,20.0
6,15,-23,0.016675774330762023,4.290685800928669,66.7190624543525,23,20.0
6,16,-23,0.01780490073437295,1.1905508039262278,61.85229334268628,23,10.0
6,17,-24,0.019146461673085122,5.932431390286572,81.11364240510052,24,10.0
6,18,-25,0.018076571180082726,9.829707745152477,61.295862600646906,25,10.0
6,19,-100,0.02409141512014687,4.2147987651004915,61.44207569327792,24,10.0
6,20,-100,0.02227940930770563,4.675902587038686,62.384549641433544,24,5.0
6,21,-24,0.016003953947629605,1.5777543738606457,63.04278787650796,24,10.0
6,22,-23,0.008636496556673362,1.9444736861300025,51.55007615838604,23,10.0
6,23,-100,0.02101648471524182,3.858807122723345,54.06747299951831,22,10.0
6,24,-23,0.018480414748042285,3.041302625274017,57.22802724073012,23,10.0
6,25,-22,0.001760790147891796,6.528653995961004,81.35271395828188,22,10.0
6,26,-100,0.02810222257863033,6.425373003107203,70.1077522098631,22,20.0
6,27,-100,0.029043746131868695,7.060123377675135,72.54350796493503,22,10.0
6,28,-21,0.016343816454884426,9.009690066705241,85.15191676142032,21,10.0
6,29,-100,0.022146413238766788,5.7779180455340144,99.91433854075947,21,20.0
6,30,-100,0.020452902804749998,3.3304393118324054,84.14734901392154,20,20.0
6,31,-100,0.020523189290850705,4.558276006333894,63.32153153516316,21,20.0
6,32,-20,0.006249197798099489,2.4769096279938285,54.605407751161096,20,20.0
6,33,-21,0.0157074422849174,9.463514756932971,69.22204733448748,21,20.0
6,34,-100,0.023233073183335624,4.472357210059382,96.8351592197772,21,40.0
6,35,-20,0.0023870296014689716,5.360849716708493,94.54369349205366,20,40.0
6,36,-100,0.024263968600248625,6.786631470475428,58.433928879732846,19,40.0
6,37,-100,0.020967579482028393,1.768564757523814,56.92161584813636,18,40.0
6,38,-100,0.028826631712664866,4.5448422459300994,65.73061441904477,18,20.0
6,39,-100,0.02866522424777689,4.828440823341113,85.27114127665206,18,10.0
6,40,-18,0.003582517505702424,5.636487600172957,81.24988901135222,18,20.0
6,41,-18,0.005962701407103879,8.104521032802374,82.62041894340959,18,40.0
6,42,-100,0.02020919414626895,6.111835704558866,74.53211258967602,19,40.0
6,43,-100,0.02516984107496479,2.288253411404406,58.1328716754832,19,80.0
6,44,-20,0.001604858473520902,6.95906759206356,95.69819260177408,20,80.0
6,45,-20,0.008146685253275113,6.583818577285825,97.4715630375833,20,160.0
6,46,-21,0.009080401235503823,4.182365237936521,77.64381004590132,21,160.0
6,47,-22,0.014321369141265099,9.16305480822589,56.676215176146485,22,160.0
6,48,-23,0.017191283214149963,2.967165553375307,69.8879603797203,23,160.0
6,49,-23,0.015573735054097858,6.545019498124137,89.52167770567652,23,320.0
6,50,-100,0.029442824714541876,7.020890947058869,92.15216332281213,24,320.0
6,51,-24,0.00760014861383297,8.403584689977546,91.29086139619204,24,640.0
6,52,-100,0.02695239009960959,1.3977062821598019,71.07596564409877,23,640.0
6,53,-24,0.01620935249072782,9.040477629934493,83.10243174459352,24,640.0
6,54,-24,0.009646460039179098,6.786345012034048,53.27314089399193,24,1280.0
6,55,-100,0.02792417045144021,5.361534043371384,86.55055229273577,25,1280.0
6,56,-25,0.010886714888995598,3.8025116607506098,64.09551117745579,25,2560.0
6,57,-100,0.02653912178343893,1.7172502816497541,71.40765985262449,26,2560.0
6,58,-26,0.0026858258554272887,8.911992311929955,96.87255782418589,26,5120.0
6,59,-100,0.02806020788012495,3.0080307040693133,87.9203736607362,26,2560.0
6,60,-26,0.005913002723081193,4.090540582965165,68.22738886872085,26,5120.0
6,61,-27,0.017049157361688203,8.88600958041671,50.86631962929237,27,5120.0
6,62,-27,0.015053771349927962,5.339966559984481,61.32515497150064,27,2560.0
6,63,-27,0.0005145710860620864,3.4379477576984847,63.91155460121442,27,1280.0
6,64,-27,0.013387549193173481,3.163524895694442,90.23269933349543,27,2560.0
6,65,-100,0.023917103544001176,1.6204815008282987,61.1149219425669,27,1280.0
6,66,-26,0.012338287908138354,2.4866240421199817,86.07659232653263,26,1280.0
6,67,-27,0.012840030163859307,1.900152813654926,81.67141306106379,27,1280.0
6,68,-100,0.025735845205189862,2.5041382765795532,72.6151905505561,27,2560.0
6,69,-28,0.007136952901385446,7.738364879940799,93.25547252184515,28,2560.0
6,70,-100,0.020573495663302823,9.36154864617813,89.63616512336446,29,2560.0
6,71,-100,0.029413584247237588,5.855830169782743,93.76846886977393,29,5120.0
6,72,-30,0.013641213676388205,5.646322664727015,86.02852956255951,30,5120.0
6,73,-30,0.013553880325845778,2.900136321241957,60.47933326638618,30,2560.0
6,74,-29,0.008834870657731173,5.552444208104413,94.74602435922401,29,2560.0
6,75,-29,0.005557417563480584,4.262552006579764,84.58050732456964,29,5120.0
6,76,-29,0.01809611306784967,5.054814313187339,93.2924482445749,29,10240.0
6,77,-28,0.012725199896866726,9.9623783100008,97.41688611672171,28,10240.0
6,78,-28,0.008643139852120339,8.417083206188295,88.39964483711222,28,5120.0
6,79,-100,0.02528982423679092,5.062498289095159,93.96980714794358,27,5120.0
6,80,-26,0.00606684878486775,3.469447214362954,72.80711625422775,26,5120.0
6,81,-100,0.029897473360023078,1.0380793152428227,62.696187401816715,27,5120.0
6,82,-27,0.008486812081840973,4.0681579452397445,90.87164285486503,27,10240.0
6,83,-27,0.016251334843969525,7.8675124197667765,73.17906569181207,27,20480.0
6,84,-27,0.01593829136187251,2.728461129913699,52.99368155959135,27,10240.0
6,85,-27,0.013485726701946312,9.945725488898114,67.02297926882144,27,20480.0
6,86,-27,0.014236317182431965,9.158280745960205,62.73875829716844,27,10240.0
6,87,-28,0.011591257678606689,3.3703316756666974,93.72836170167884,28,10240.0
6,88,-28,0.0013565490997429182,9.584314274475886,70.69919302194202,28,20480.0
6,89,-100,0.026138920301210098,8.054169493167958,64.6793003156886,28,10240.0
6,90,-28,0.006088230309586216,3.7251354969333974,52.16280148636528,28,5120.0
6,91,-28,0.006630200299699664,4.692208549356804,76.12328818852353,28,10240.0
6,92,-29,0.019962419732274892,2.3462786100751787,82.47266051261,29,10240.0
6,93,-100,0.028335271608964548,7.908815962949381,51.929548998132695,30,10240.0
6,94,-31,0.01484495900533337,3.9554708098262283,82.5587400924433,31,10240.0
6,95,-31,0.014156097837053568,7.003230028258494,68.1243557855374,31,5120.0
6,96,-30,0.0077709595969058815,9.127135164319796,55.84698176007885,30,5120.0
6,97,-100,0.023700392138730205,3.6552082517404934,80.35145675318569,30,2560.0
6,98,-30,0.006106475024167562,5.362894030660442,63.56732458385291,30,1280.0
6,99,-30,0.011098577412532258,3.674542345969668,93.53558024577536,30,2560.0
6,100,-100,0.02561618534250006,4.154942435027817,77.02543977601219,30,1280.0
7,1,-21,0.0070707473394985045,1.9148174365943453,55.863835265455286,21,20
7,2,-21,0.001696168496113588,6.0428932405352205,56.372170903557404,21,40
7,3,-100,0.028518194220846553,6.538092196979176,61.53646500320163,20,40
7,4,-100,0.02506112604181195,9.35301688451977,57.96044155446532,20,20.0
7,5,-20,0.01735403145853056,4.395508905772756,72.883839098798,20,10.0
7,6,-20,0.014244301465358666,2.7518472082476797,88.98434943075978,20,20.0
7,7,-20,0.006591857856970052,2.7418704571707995,68.23459442963585,20,40.0
7,8,-20,0.008850684476769911,5.676231976171908,75.37157263017129,20,20.0
7,9,-19,0.017910230562078747,1.8202462814198492,91.32028212978369,19,20.0
7,10,-18,0.019332375433796206,9.8645541074721,90.96276655714541,18,20.0
7,11,-17,0.004354557254303816,5.901281546348706,76.60563234564039,17,20.0
7,12,-18,0.008240626795769097,2.2231400575494167,71.33089128269452,18,20.0
7,13,-100,0.027148181383321864,5.426817456776149,56.35547006984431,18,10.0
7,14,-100,0.02446616021647506,9.577315585417468,69.04727794613932,17,10.0
7,15,-18,0.007512013463739701,8.442594702930084,50.234971046476126,18,10.0
7,16,-100,0.028651190735731025,6.566269815354862,83.27291785539106,19,10.0
7,17,-20,0.006808802424800496,9.761561133982113,83.15367931311096,20,10.0
7,18,-20,0.017811672165390816,7.14883880336801,80.11095635210475,20,5.0
7,19,-20,0.016427737464459507,8.527630958887116,92.29706202810064,20,10.0
7,20,-20,0.007163576342658675,7.687633490525203,78.93761985163246,20,5.0
7,21,-19,0.004079407657655704,9.486091289313963,74.68326762008871,19,5.0
7,22,-20,0.007293227035055073,8.85915863813491,59.885110429712235,20,5.0
7,23,-19,0.01939413930097201,3.6718160301277525,90.42852596567096,19,5.0
7,24,-18,0.01038039477393409,4.013344317985251,86.13747147501788,18,5.0
7,25,-17,0.015143958334153707,9.053981805034041,83.14017259858056,17,5.0
7,26,-17,0.009783372871176022,5.829727577677422,79.16904773501687,17,10.0
7,27,-18,0.006269886043978818,3.823694434253352,76.71318607640735,18,10.0
7,28,-100,0.02923209269041427,3.7586964099136972,63.93949537610948,18,5.0
7,29,-18,0.019073987116065744,1.8299250719243467,76.3546747905715,18,10.0
7,30,-17,0.0016673332817154192,3.931300548677054,79.25082891448433,17,10.0
7,31,-17,0.01332531539901079,7.557048796036663,60.28785143321747,17,20.0
7,32,-100,0.024905645780771167,5.272466078212366,98.34953515060722,16,20.0
7,33,-15,0.005848793296705419,2.198194098402917,60.37903646676598,15,20.0
7,34,-15,0.01669359118808903,8.926646055623447,74.28167159784327,15,40.0
7,35,-16,0.008349378038463109,8.8903903399762,73.29796987742459,16,40.0
7,36,-16,0.016128649637115973,6.376647228579609,91.67272552117618,16,20.0
7,37,-15,0.0051616308358803445,9.880420012502565,97.99455166473686,15,20.0
7,38,-15,0.015750955127281255,6.877977504819978,73.41597842762765,15,10.0
7,39,-16,0.005782061533052116,7.672230409760756,93.47334444833476,16,10.0
7,40,-15,0.015089399085564748,1.581220397560978,50.07868829769715,15,10.0
7,41,-16,0.01607029626929117,1.1958205030914413,80.4811892248748,16,10.0
7,42,-17,0.0018274275496251169,1.182147942671061,63.254527765018686,17,10.0
7,43,-17,0.01325233960530406,5.120968282248952,74.61546180164255,17,20.0
7,44,-16,0.009571571461960792,3.706717608469469,54.1214828798567,16,20.0
7,45,-100,0.020523819286767216,9.822382131143295,59.624992268961606,15,20.0
7,46,-100,0.026100927510443322,9.634296783511308,55.3026769892103,15,40.0
7,47,-16,0.012590354397271242,1.664376880834347,89.72303659135787,16,40.0
7,48,-16,0.007114757196039188,1.946713017340929,81.1369567370714,16,20.0
7,49,-17,0.0007988141536971153,2.195783960633036,61.854073476121215,17,20.0
7,50,-16,0.00264671624636532,9.97558674440237,62.137510678106096,16,20.0
7,51,-15,0.0015331420991372881,4.608103733242688,94.38654788776978,15,20.0
7,52,-100,0.023370491912427415,6.603865093346779,56.643103132750504,16,20.0
7,53,-17,0.01945855585160709,6.473717316603157,64.21430117973475,17,20.0
7,54,-18,0.015737397124774743,1.4750179376115344,70.02901737176182,18,20.0
7,55,-19,0.000648438358552771,3.5811721488880557,82.87034821348313,19,20.0
7,56,-20,0.002187380481667585,8.423854268905433,50.91140286599399,20,20.0
7,57,-19,0.01906303628839483,9.581060590621211,83.15824991189851,19,20.0
7,58,-100,0.027873756069796772,1.984003722085684,87.0129595272353,20,20.0
7,59,-20,0.009216802903558823,5.304919561032031,54.52672577242759,20,10.0
7,60,-100,0.022891614143866444,4.593139439758698,65.47021449082973,20,5.0
7,61,-100,0.026859151700816673,7.316869971732144,54.87994170867578,20,10.0
7,62,-19,0.010951665662047895,4.90720135833984,75.04772328524184,19,10.0
7,63,-18,0.018915565797160017,9.499176316264384,87.39111705221444,18,10.0
7,64,-17,0.013647173984729455,1.1999531194775712,56.885445750719704,17,10.0
7,65,-100,0.022851410361335256,1.1769464446626816,52.60783944893891,17,5.0
7,66,-16,0.014156198727984596,1.9526981489672433,94.90341742198629,16,5.0
7,67,-15,0.0016448426032757862,3.182194021777142,58.39485101547871,15,5.0
7,68,-15,0.0061504587536691125,8.747725108151435,76.66908134080278,15,2.5
7,69,-14,0.019567894207874328,4.08893992562528,81.43209665872249,14,2.5
7,70,-100,0.023195301508388954,4.625405531317774,69.02651516540311,14,1.25
7,71,-14,0.006348964468221774,3.3761214664685864,67.68838532484556,14,0.625
7,72,-14,0.002159803486838965,5.208708844619409,56.53898531910186,14,1.25
7,73,-14,0.004585438030122093,7.886789760637882,97.58385150355883,14,2.5
7,74,-14,0.014499503118258438,1.862609851530345,92.78035101041226,14,5.0
7,75,-14,0.0173557060757605,4.855829278117801,70.42273188902806,14,2.5
7,76,-13,0.0046516062460297426,6.650442060223345,57.30075029972765,13,2.5
7,77,-14,0.013548312106028066,5.700825840344149,80.03359492076203,14,2.5
7,78,-100,0.023937998565950205,7.849963621966565,96.63722516586185,15,2.5
7,79,-16,0.005568149323593277,1.4155524374752542,54.193609341842865,16,2.5
7,80,-15,0.01066288298269729,1.3908115342851552,94.27760108472285,15,2.5
7,81,-100,0.024741028204374384,4.955839095908767,71.65203801259054,15,5.0
7,82,-16,0.002090644184091349,6.875023455162734,98.89951354352344,16,5.0
7,83,-100,0.02892304013900504,8.08071400988878,69.13455900730682,16,10.0
7,84,-17,0.011065013219662375,9.105328460214754,75.11871557074518,17,10.0
7,85,-18,0.012947821433342485,8.10301465349426,67.69297868823195,18,10.0
7,86,-18,0.01348689191328392,4.109053412088208,93.74810973657732,18,5.0
7,87,-100,0.02361311523502495,6.339896548686292,75.2881763218964,19,5.0
7,88,-20,0.014929791306609232,3.0697371134459113,84.92034167430305,20,5.0
7,89,-20,0.011866486575914716,2.5086117678787665,68.76681289941607,20,2.5
7,90,-21,0.015075649688802052,1.4682613430393439,94.9225448607239,21,2.5
7,91,-21,0.006718176609659477,2.3554226316663405,87.68583111706312,21,5.0
7,92,-22,0.01165007345407628,7.961405008057457,68.04331315318501,22,5.0
7,93,-21,0.001719675537885246,4.387054207525804,84.00867038577418,21,5.0
7,94,-22,0.011428959238622005,3.3289513082815025,76.21340872376106,22,5.0
7,95,-23,0.007336663920009978,3.720782386083128,89.61611390802264,23,5.0
7,96,-100,0.022146883101839106,3.8200157662065637,64.54282388336314,23,10.0
7,97,-23,0.0007183655838434279,2.6547002329120555,80.31715778670238,23,20.0
7,98,-23,0.008848490035433646,9.76828532940611,87.20418180656908,23,40.0
7,99,-100,0.026594713988556944,8.751321813412916,74.17724511633071,22,40.0
7,100,-23,0.003274889463135988,2.6781222922907357,50.25803976634907,23,40.0
8,1,-100,0.02442787056918816,1.86582438508117,80.42122974658017,20,10.0
8,2,-20,0.015556403912294877,7.706093682612563,55.09055050875599,20,5.0
8,3,-100,0.024985556344161407,6.981669222984182,92.63900902366196,20,10.0
8,4,-100,0.023730424188972647,1.6505733732404613,74.37017900211818,20,20.0
8,5,-19,0.003610113332807208,2.2837861090004363,94.20481132793445,19,20.0
8,6,-18,0.01578608856157475,2.353195065104472,87.70384663641971,18,20.0
8,7,-100,0.02472796703696574,4.710374454978605,50.462119598925256,17,20.0
8,8,-17,0.008489651036545339,8.137354861887435,70.69748511488248,17,10.0
8,9,-100,0.02341306193669226,7.453621245280331,56.81165247458569,16,10.0
8,10,-100,0.020442233435525353,7.235617449381094,56.19402109865218,16,5.0
8,11,-16,0.006077338172617712,6.3281986813010676,62.82883323404137,16,10.0
8,12,-100,0.02277928915229482,3.767083997077726,62.634755527760866,17,10.0
8,13,-18,0.00915780266956099,7.357013511245034,68.15265486208551,18,10.0
8,14,-100,0.026545904927842676,3.373044833617521,78.27481590961736,19,10.0
8,15,-100,0.024306940169813843,7.35324318719182,89.93655126957316,18,10.0
8,16,-100,0.027588225553967095,4.350208613798703,94.21407690152984,18,5.0
8,17,-18,0.012127656017279567,9.390254190838698,66.37764268370866,18,2.5
8,18,-100,0.025149954185338434,1.6945976269799357,86.21101175097706,19,2.5
8,19,-20,0.01536668127587391,1.3135275812126672,75.50512771695874,20,2.5
8,20,-19,0.0029632255826934155,9.498134024936975,54.561126998590815,19,2.5
8,21,-100,0.02739962586639712,1.6527381369512464,54.09625613299273,18,2.5
8,22,-17,0.008035238407564002,6.373384645485956,80.82288215056079,17,2.5
8,23,-16,0.019179121520819173,8.304096234825549,92.774383597771,16,2.5
8,24,-100,0.029456982565085773,9.602536876323597,60.89374285436246,17,2.5
8,25,-18,0.00480384771125817,3.709296145055247,60.17964486058099,18,2.5
8,26,-100,0.02296622304222279,5.76764679333859,56.34440196457692,17,2.5
8,27,-100,0.028399218478991937,2.421794042534302,51.90124710320304,17,5.0
8,28,-17,0.00345224359127703,4.815912103250145,54.20806742280608,17,2.5
8,29,-18,0.0048209220745051365,6.705112407259473,53.19841442000487,18,2.5
8,30,-100,0.024527917190259874,5.110825456720411,84.81409801335482,19,2.5
8,31,-18,0.016382813037915608,3.1680092580419914,62.824934337485224,18,2.5
8,32,-100,0.020909729190584408,1.110228064341777,78.257945871574,19,2.5
8,33,-18,0.008434532408471713,3.2086802801382515,73.3538509539604,18,2.5
8,34,-17,0.015393676426258012,2.4119918369231343,70.19929857852625,17,2.5
8,35,-100,0.02931205794329123,6.817689411452427,56.95927759525989,17,1.25
8,36,-17,0.012912156079925049,4.907163485879755,60.32371923661546,17,0.625
8,37,-17,0.007396461896332897,1.803836882530302,99.79748419211589,17,0.3125
8,38,-100,0.028425494720299562,2.7025991835800225,81.46482444538302,17,0.15625
8,39,-100,0.023092661839335973,8.626467310439864,72.2398226647467,17,0.3125
8,40,-18,0.002544967999227813,9.037316830504004,63.682039763966706,18,0.3125
8,41,-19,0.002470459495780314,1.1524566802825487,83.03963850572075,19,0.3125
8,42,-100,0.020320792674672107,7.345639084201606,66.54180595767289,18,0.3125
8,43,-19,0.0018710579984307929,8.161735154313366,80.90686718507223,19,0.3125
8,44,-18,0.014832171469285924,2.1526824611194275,81.45319918338538,18,0.3125
8,45,-17,0.0057381093684477635,9.294296743549344,67.0455664450346,17,0.3125
8,46,-18,0.008917995475831487,4.513387605393488,91.70018415037794,18,0.3125
8,47,-17,0.00915900933807729,2.4790460251580315,91.92179336714273,17,0.3125
8,48,-17,0.002923936710153534,8.460021227238183,63.38771802598931,17,0.15625
8,49,-17,0.01537979361179057,9.757476461949851,54.351936873164384,17,0.078125
8,50,-100,0.021690212510067898,4.745550284839982,84.09829582540853,18,0.078125
8,51,-17,0.004777390796086823,7.148016661216133,75.75207503812776,17,0.078125
8,52,-100,0.025495975041548852,3.8546968879805914,56.88777594604713,17,0.0390625
8,53,-100,0.023115675445600614,4.438106554605563,65.5397624821654,16,0.0390625
8,54,-16,0.0043714408175937886,6.297603399665859,95.32719540043463,16,0.01953125
8,55,-17,0.004449886860056073,7.623748249609079,74.45262219231864,17,0.01953125
8,56,-17,0.002302548149198569,4.321303722501918,51.62541297721175,17,0.009765625
8,57,-18,0.013779174972770293,5.331165233890487,50.52712650327004,18,0.009765625
8,58,-100,0.02521743445953673,1.6343879877704703,83.94087630841068,18,0.01953125
8,59,-100,0.02260249511705555,9.207963790829425,68.29243817691457,19,0.01953125
8,60,-18,0.0008203901939809025,2.135786059550182,94.38916160184154,18,0.01953125
8,61,-17,0.002952599942758207,2.9464355553331414,62.99601505020493,17,0.01953125
8,62,-17,0.002493452253581092,1.0169331577023155,61.48374995308541,17,0.0390625
8,63,-17,0.01930428327649835,5.732845198158681,72.17514604881836,17,0.078125
8,64,-100,0.022143637454884783,3.086676545493936,68.16758394361688,18,0.078125
8,65,-19,0.012629372595562785,8.196086400397064,79.18104768250461,19,0.078125
8,66,-19,0.008904912534067498,3.30221405028474,53.600088980770394,19,0.0390625
8,67,-20,0.01912402554893485,6.891955525015474,91.69271374363711,20,0.0390625
8,68,-19,0.016400226113920356,6.011287211168028,77.45829736661092,19,0.0390625
8,69,-100,0.023503186484850908,6.892821840351388,55.053952519309604,19,0.01953125
8,70,-100,0.028834730447785232,1.1500628382634392,98.82400638998467,19,0.009765625
8,71,-100,0.02393895364145359,7.757592809155025,86.89421896864891,18,0.009765625
8,72,-18,0.012074715084819596,5.704807817793413,88.56989058449471,18,0.01953125
8,73,-18,0.01965422773644322,8.08948870719055,93.33809579697065,18,0.009765625
8,74,-18,0.011060003569035947,3.2178462360170137,87.13813459739184,18,0.01953125
8,75,-18,0.0006986175292987757,7.670985372302087,50.108029396052544,18,0.0390625
8,76,-19,0.01547821659569642,9.174827788857618,63.43295319752919,19,0.0390625
8,77,-100,0.02472232870351143,1.588976971119787,61.97123663087464,19,0.01953125
8,78,-19,0.008346036832780821,7.728438013848782,71.79173581077788,19,0.009765625
8,79,-20,0.012494103022326893,6.598461832035184,56.83780472717969,20,0.009765625
8,80,-20,0.007165779340497846,9.92383483700217,87.38052272799581,20,0.01953125
8,81,-100,0.02187028593176385,7.9934444760209065,71.84294748098986,20,0.0390625
8,82,-19,0.007193580016522939,1.8649380699420885,81.52356398033275,19,0.0390625
8,83,-19,0.0015218586953666725,4.282193039619345,87.66563821671275,19,0.01953125
8,84,-18,0.00558784900780571,8.576610627539957,82.49069265889761,18,0.01953125
8,85,-18,0.006713744283631987,8.13717952816818,77.8263919166765,18,0.0390625
8,86,-19,0.019076274523686855,3.4429217728042194,62.43721700094855,19,0.0390625
8,87,-100,0.02548553307324206,4.844131588839203,56.75466154271515,18,0.0390625
8,88,-100,0.028465847609935337,3.0453750604949623,90.71927704926998,18,0.01953125
8,89,-100,0.022926646897895184,8.456096048967488,86.39550562398611,18,0.0390625
8,90,-19,0.011100297806153715,7.538199648073925,77.38011795431909,19,0.0390625
8,91,-20,0.01908486136512464,4.375219188655892,75.75345167828027,20,0.0390625
8,92,-20,0.005192923507330112,4.127503166251364,51.07285621460546,20,0.01953125
8,93,-19,0.00312916949904543,9.983705911344986,66.0929437188648,19,0.01953125
8,94,-18,0.018497540064511417,6.648493627031702,55.80625431364271,18,0.01953125
8,95,-100,0.020878759531216946,5.675375931003893,75.99670183934766,17,0.01953125
8,96,-100,0.021998028018877923,2.58696858795394,79.1604573950236,17,0.0390625
8,97,-17,0.007353265470834088,8.460285513132476,75.11116318672018,17,0.078125
8,98,-100,0.028127572524091503,5.7536928186355105,91.50692677737453,17,0.0390625
8,99,-17,0.012077554854767624,4.903491306610921,65.27891050878364,17,0.01953125
8,100,-17,0.0006570734001861639,4.9536571381368315,97.49074115532389,17,0.009765625
9,1,-21,0.01630997504496405,3.0133167320552543,89.7705261602977,21,20
9,2,-22,0.00439198772817764,8.963573850553507,57.024798163798415,22,20
9,3,-100,0.023748012921677275,1.891702137062762,74.73353711496333,21,20
9,4,-20,0.018532610664119705,3.4083852764323725,55.02458666051974,20,20
9,5,-100,0.0215900295364957,8.37312917755334,80.14992218707667,20,40
9,6,-19,0.0075110089954756095,4.594256607811965,55.9555689756843,19,40
9,7,-100,0.025994594339375676,8.440683358462326,50.82703588250321,19,80
9,8,-100,0.028706085480000705,6.200648054662386,82.64482433658856,18,80
9,9,-100,0.02071460978562967,5.843691147860893,66.89217567186014,18,40.0
9,10,-17,0.016842555868587468,2.9598600260501837,87.17625117889776,17,40.0
9,11,-16,0.009515986703586625,5.606870448269317,93.86857431016124,16,40.0
9,12,-100,0.027448079263588058,4.168216859878006,84.14680194311016,17,40.0
9,13,-16,0.019064406142726694,8.836719976299456,52.62462502266249,16,40.0
9,14,-100,0.024797084330384137,6.533348895917395,82.17488202367588,15,40.0
9,15,-100,0.022067420238549466,3.740899657480389,54.39924245414033,15,80.0
9,16,-100,0.024106674744302115,5.365377114522783,55.48742587435186,14,80.0
9,17,-13,0.01442125643105199,1.7818158319425728,93.65833911523369,13,80.0
9,18,-14,0.012335132435025561,1.824583914851991,86.57500424032764,14,80.0
9,19,-100,0.02132747554032492,6.46409755181342,78.76796310164809,14,160.0
9,20,-100,0.020316805408390357,6.334777090737569,72.1205805817049,14,320.0
9,21,-14,0.008991739471757411,4.024518422872872,93.97893431712714,14,160.0
9,22,-13,0.010310498681156681,4.851028851802668,87.61313219873432,13,160.0
9,23,-13,0.007363708725065423,8.257347446127337,77.88043428918083,13,320.0
9,24,-13,0.019966933948349634,8.971928962913221,62.07729986965555,13,160.0
9,25,-12,0.01828947430798393,4.73326156993753,80.07695163644975,12,160.0
9,26,-100,0.024932416933294423,9.642136832471547,96.97130205676977,11,160.0
9,27,-10,0.004985893610166778,7.473713496261314,61.45191948101302,10,160.0
9,28,-9,0.0137256196216012,6.4246507413505975,82.43281711973302,9,160.0
9,29,-100,0.026634622739517257,3.0207613479654114,67.73721314413113,10,160.0
9,30,-10,0.010421715015383125,3.1461467142632893,66.5347610300708,10,80.0
9,31,-10,0.017680626908432372,8.886714706999518,99.42013799187505,10,40.0
9,32,-100,0.022351060109174363,3.5045586953793384,98.47545492118556,10,20.0
9,33,-10,0.003536288047772774,9.048730235679784,90.32634235314046,10,10.0
9,34,-10,0.015059776950128344,9.445886007377664,93.29481795318188,10,20.0
9,35,-10,0.012737152610117363,4.631367156473934,70.67192115678839,10,40.0
9,36,-100,0.02333019932777954,8.37133392688076,78.79904312753847,10,80.0
9,37,-10,0.017771572767245582,8.436146370040822,69.14775018551316,10,40.0
9,38,-10,0.01988193040969124,1.6675258603380825,94.77098942444698,10,20.0
9,39,-10,0.005846740362609846,2.4668122881165253,78.38565747326707,10,40.0
9,40,-10,0.006053960999685642,9.128563287979304,80.7280109698469,10,20.0
9,41,-10,0.009699954987457782,1.4009214682765658,52.66984262421725,10,10.0
9,42,-10,0.019582773051083482,8.80554509980071,55.42747290486629,10,5.0
9,43,-9,0.01891669832118552,8.634013071593927,87.25801627925247,9,5.0
9,44,-100,0.020212826871461864,2.0413874882517433,76.90777024601798,10,5.0
9,45,-11,0.018378422545338394,7.857090252629214,91.69942345736362,11,5.0
9,46,-12,0.00349784567327539,3.4026860948830393,92.90047116898253,12,5.0
9,47,-100,0.028045289165396566,4.056804572390924,65.41429575353106,13,5.0
9,48,-13,0.004617024322207472,6.166862337531549,70.55254571838805,13,10.0
9,49,-100,0.02658274724202989,5.829468742643183,72.9946037760416,12,10.0
9,50,-12,0.011589684841036325,3.60102649574429,54.85809024973338,12,20.0
9,51,-100,0.024376359387721952,2.181531102216283,62.88051791274029,12,40.0
9,52,-13,0.010481195852843177,9.010000595327517,79.2316909405353,13,40.0
9,53,-100,0.029931402883150268,7.65614677509136,68.61082318797578,12,40.0
9,54,-100,0.02431984499421688,4.865851816648567,88.11771688287462,13,40.0
9,55,-12,0.013938535199003304,6.3773863164598295,53.55178288830183,12,40.0
9,56,-11,0.0053291936434158235,7.702023891611085,80.90671666378712,11,40.0
9,57,-100,0.026229860379508373,3.477780624796337,97.48762917929189,11,20.0
9,58,-10,0.014171675141110915,4.630934529436996,89.81394827344485,10,20.0
9,59,-100,0.022207141781268768,4.505351010736147,96.15834583986546,10,40.0
9,60,-100,0.025679239718947422,1.724543344502718,69.72601751334449,9,40.0
9,61,-8,0.017951820626240057,6.4734139341417665,86.4496169734366,8,40.0
9,62,-7,0.010253135420794288,6.2846899276814145,74.8358146113407,7,40.0
9,63,-7,0.012786068051132813,1.987729696780014,94.21764349336317,7,20.0
9,64,-7,0.0034006678325667937,4.550304040058375,84.25158788751807,7,10.0
9,65,-6,0.0032966252959217997,7.554095787979471,94.53832570866342,6,10.0
9,66,-6,0.0056020592145428,1.86688639814443,87.06111375954754,6,5.0
9,67,-100,0.02968600859313669,8.150558071116011,99.24740776741177,6,2.5
9,68,-7,0.019916706410586894,2.7011631379359735,99.3221919935721,7,2.5
9,69,-7,0.016263267444332784,5.984390060755662,99.412585198242,7,5.0
9,70,-8,0.0007264741155892959,3.033767580221391,57.53566210241031,8,5.0
9,71,-9,0.004944617244063962,4.952550889612144,59.69135304029473,9,5.0
9,72,-8,0.014923991488180086,9.557937837923792,51.85966261769594,8,5.0
9,73,-9,0.003198991986695423,2.1215455325429002,82.5307474299805,9,5.0
9,74,-10,0.011570645533374627,5.454356758702644,76.44910779318029,10,5.0
9,75,-10,0.016067726691791493,2.3959874101485035,78.26269025230543,10,2.5
9,76,-11,0.001464981969517251,8.603180932312855,99.12217416680849,11,2.5
9,77,-100,0.027056219639396983,6.864761287989716,90.13436725271194,12,2.5
9,78,-12,0.019236319160392833,9.056249538945725,52.91339322664646,12,1.25
9,79,-13,0.016456061696386293,9.268590899579715,86.74898924618104,13,1.25
9,80,-13,0.016005856446321153,6.579886975851606,77.40548860448999,13,2.5
9,81,-12,0.011226300364839216,7.33922969561138,74.07825950444936,12,2.5
9,82,-12,0.006794708918518697,9.035633002133723,98.69033436794336,12,5.0
9,83,-11,0.018678070376000746,5.147429622381821,76.32888804814135,11,5.0
9,84,-11,0.012461039466088312,2.2165714035803563,72.78138333550687,11,10.0
9,85,-11,0.016939476666507892,7.784215907029267,84.1470101458252,11,20.0
9,86,-100,0.025229847202036575,3.6065942759734533,53.405156589610634,10,20.0
9,87,-9,0.0018863660193787822,3.900664568116499,97.68555146317036,9,20.0
9,88,-8,0.019409497157389804,1.2754815783718323,54.224263404949,8,20.0
9,89,-100,0.029286333840398214,1.1040579329615388,96.81157210223027,8,40.0
9,90,-100,0.022272360671610918,7.96838218803016,66.80419759708654,7,40.0
9,91,-100,0.028432863172014836,6.382600998695463,72.92411139368441,6,40.0
9,92,-100,0.022598893382213135,3.210110616696836,56.754785298448304,5,40.0
9,93,-100,0.028284136799240776,8.988535739057529,71.67767812136162,5,20.0
9,94,-100,0.02003069353530708,7.106440821628197,86.20201041683784,6,20.0
9,95,-7,0.01887654688890132,6.37629443958871,72.91841621534395,7,20.0
9,96,-8,0.019623509705786937,7.062240322967017,53.91921016446539,8,20.0
9,97,-9,0.0066318022420333595,2.408827591305744,66.20307124530964,9,20.0
9,98,-100,0.028645162454561172,5.884240047511637,69.02874848313608,9,10.0
9,99,-8,0.010896517813008015,2.840817602438902,97.99207945571237,8,10.0
9,100,-100,0.02807809820754995,1.8474439054549787,66.46440466464759,8,20.0
10,1,-100,0.021106315106129838,3.9345721534488645,78.7933488531652,20,40
10,2,-100,0.021941419120702636,5.791120711725846,69.68288557027029,19,40
10,3,-19,0.009152750854608618,4.244729060205203,93.58114761559412,19,20.0
10,4,-18,0.014724339928316912,9.638487673914476,70.83558684182505,18,20.0
10,5,-100,0.023293241909559708,7.978872008232582,90.82128970120104,17,20.0
10,6,-17,0.018074677923266474,8.774575913231807,71.23437784514172,17,10.0
10,7,-100,0.022325301480154814,8.201998923847395,77.332355704233,17,20.0
10,8,-16,0.015687545155722217,3.897733701329217,54.33137125042586,16,20.0
10,9,-16,0.005985444983887403,5.085249380060543,93.33136534757327,16,40.0
10,10,-100,0.023642484055914945,1.5878085772461592,68.11894653666077,16,20.0
10,11,-17,0.00595925549351661,1.8594082157932874,88.26636164807977,17,20.0
10,12,-18,0.004489365105305039,3.784279778139375,68.89981776085875,18,20.0
10,13,-18,0.012714105175120423,4.01866102068907,93.27334951899117,18,40.0
10,14,-100,0.023179355329335093,9.123196370655963,60.319522999879176,19,40.0
10,15,-19,0.00882250594766396,6.033223940472785,91.23452631818114,19,80.0
10,16,-19,0.014899232230361308,9.863872078539304,96.0368131390527,19,160.0
10,17,-19,0.0034851692802256463,5.691957168229783,86.3747938755702,19,80.0
10,18,-18,0.019108996595983915,9.310321471403826,88.55465725445335,18,80.0
10,19,-100,0.026514065385349377,4.984320298120231,86.29573131042606,17,80.0
10,20,-100,0.026446745740250476,9.428278530798904,60.37010565429117,16,80.0
10,21,-17,0.0007490133535950044,7.216984077994146,93.30706083535225,17,80.0
10,22,-16,0.01789897985871031,9.173614118334722,71.22847629403647,16,80.0
10,23,-100,0.02631667284534917,7.404674052757163,76.19027489693052,16,40.0
10,24,-100,0.02424941141892391,4.127899931480759,89.21588137327285,15,40.0
10,25,-100,0.024503261165639986,6.027061091403308,53.934337502245725,16,40.0
10,26,-17,0.011568598040227461,5.168570218701714,52.09713874949637,17,40.0
10,27,-100,0.02908376684168807,8.345395317235587,75.92273198014186,17,80.0
10,28,-100,0.022275676917915037,2.2126547767549214,53.40632375599199,17,160.0
10,29,-100,0.028820792127388452,7.403338196590251,57.67054705403858,16,160.0
10,30,-16,0.0033687748589758828,9.712325532416097,85.81610293676034,16,80.0
10,31,-100,0.022414406816060658,1.496796287264716,81.68425058615983,15,80.0
10,32,-100,0.029401167902565896,5.692581166606436,74.41964513241098,15,160.0
10,33,-100,0.02664103777152391,5.85069801502032,87.55516948813957,14,160.0
10,34,-15,0.002296717527072511,1.3104280086962206,55.585334530665165,15,160.0
10,35,-15,0.0197350576851454,4.877565246999456,90.3925094425155,15,80.0
10,36,-16,0.002247438427980953,6.568150890001873,79.0645264077894,16,80.0
10,37,-100,0.02792264493027485,5.935334660057704,67.17964300426729,17,80.0
10,38,-17,0.004139365613209019,4.512402686145262,97.2583400716087,17,40.0
10,39,-17,0.0015489700325099353,9.009638789710827,75.51248732805803,17,80.0
10,40,-100,0.027223025628280818,5.682509736670881,95.93760674419414,18,80.0
10,41,-100,0.026529702440136534,5.58834456346027,76.86785851849878,18,160.0
10,42,-18,0.007788315442017343,2.305492769891128,87.59605213977238,18,80.0
10,43,-18,0.007810378730458048,8.018544624978112,62.20644367338992,18,160.0
10,44,-100,0.020969307725242893,2.588467273990271,84.10813256133423,18,320.0
10,45,-17,0.01073773674288083,3.1972631026873355,70.18526856527438,17,320.0
10,46,-16,0.008842525119814305,2.6957306608212335,94.0657987343192,16,320.0
10,47,-16,0.016573735231541268,4.269051946732198,61.19308371220992,16,160.0
10,48,-15,0.00908414718876559,4.901743041846839,65.6708722540655,15,160.0
10,49,-16,0.0028225431019526736,4.649586398894266,81.21725071089597,16,160.0
10,50,-100,0.026500149681999617,4.4937280584548205,86.03563150750044,17,160.0
10,51,-18,0.0022950270050347554,8.841869802225471,72.44894391178329,18,160.0
10,52,-100,0.02820206847275893,7.931407121649598,87.61855716187412,17,160.0
10,53,-17,0.0008697349414415806,6.427503642642096,57.20296263116313,17,320.0
10,54,-17,0.003957011436254539,3.6416913762033265,99.50380403622393,17,160.0
10,55,-17,0.00866425541834268,3.2144342885942576,96.55912519844603,17,80.0
10,56,-16,0.0017240934906107878,6.012680061018866,79.43375988749597,16,80.0
10,57,-100,0.023602679822362454,8.224818023239497,99.69741195628889,16,40.0
10,58,-15,0.0028715099238018926,7.951524984621229,75.69485324896934,15,40.0
10,59,-100,0.02589301976950931,3.1340416970717597,73.22434463624064,15,80.0
10,60,-100,0.02753791394543295,5.4795390434853415,91.6608691997775,15,160.0
10,61,-100,0.020703247632874615,8.186156805622808,81.1798962184117,16,160.0
10,62,-17,0.014088584104042534,9.743087783816758,64.52249241608055,17,160.0
10,63,-17,0.01058641345368575,8.884854462067368,72.0138365440692,17,80.0
10,64,-17,0.004629388342524741,4.100344062011533,94.18854959885255,17,40.0
10,65,-17,0.001980366562548335,6.351370490263405,89.95661799853033,17,80.0
10,66,-18,0.011465937767378531,8.183790853517456,68.84614633654041,18,80.0
10,67,-17,0.015603496403061847,7.719488121737672,94.05573369221285,17,80.0
10,68,-100,0.020935709300206343,6.032712107040526,78.51422187014349,17,160.0
10,69,-100,0.02211446667212612,1.5065457324600828,58.546680974095885,17,80.0
10,70,-100,0.02425238415241257,3.0831555066972682,75.79328188313691,17,160.0
10,71,-100,0.027787898748641723,8.836871628105243,64.25965773826763,16,160.0
10,72,-100,0.023645173480952308,7.114911751841406,73.75279653609508,16,320.0
10,73,-15,0.002094140436733894,8.828887633222639,50.88835818382859,15,320.0
10,74,-16,0.0006692388745024321,5.059998915468426,86.05908658307581,16,320.0
10,75,-16,0.007659925375555805,2.265988079224289,74.00121249058719,16,160.0
10,76,-17,0.001794161625720175,3.7494561255391394,65.11980907524884,17,160.0
10,77,-100,0.02948393368991839,5.281689899427204,69.89338518833426,16,160.0
10,78,-100,0.02531147271185573,7.073021889054517,52.05926593015931,15,160.0
10,79,-15,0.010565772335593018,6.388342323733144,65.10223434529901,15,320.0
10,80,-15,0.0043198787249166745,2.579857122832502,60.45033637550124,15,160.0
10,81,-14,0.017161911098368975,5.407411654844015,67.38519795216281,14,160.0
10,82,-14,0.01731700811809218,3.972273541521689,84.87926504048627,14,80.0
10,83,-14,0.0031987954321812126,2.411656979973102,76.34781341160759,14,160.0
10,84,-14,0.014776707892100302,6.402445792299503,91.76134873989685,14,80.0
10,85,-14,0.012601984556850852,1.5799405502027657,83.3818044467765,14,40.0
10,86,-14,0.003953596004408009,6.487830621661358,58.63095739565521,14,80.0
10,87,-14,0.012996803618005924,3.521670471893861,98.14813715803781,14,40.0
10,88,-13,0.010382628452386728,8.993519181651438,56.64604086689437,13,40.0
10,89,-13,0.003071721666769618,5.308580361809903,80.30107027769671,13,20.0
10,90,-12,0.014422535820027168,9.021596900692328,95.97786105246514,12,20.0
10,91,-13,0.004628273265114261,3.841331425422158,54.22299932382427,13,20.0
10,92,-100,0.025454799304485288,1.9546238746678246,87.82973083583431,14,20.0
10,93,-13,0.01413350419609657,6.276725346561458,70.72676619488556,13,20.0
10,94,-12,0.0021268769455988065,2.8859777177346455,91.57682690038024,12,20.0
10,95,-100,0.025465650509047973,6.791589801805616,73.24704086635028,12,40.0
10,96,-12,0.01617668764272662,4.297988732483081,59.90114925274214,12,20.0
10,97,-100,0.024541689901392546,7.578030710429964,69.19977000166381,11,20.0
10,98,-100,0.023901584011628844,1.9708172506160566,68.1774659756007,10,20.0
10,99,-10,0.008333956707085628,6.101072092131533,89.13444513760938,10,40.0
10,100,-100,0.02062891286961446,7.226103761827577,58.404717203544294,9,40.0
